"code","name","province_code","city_code"
"210101","市辖区","21","2101"
"210701","市辖区","21","2107"
"210702","古塔区","21","2107"
"210102","和平区","21","2101"
"210103","沈河区","21","2101"
"210703","凌河区","21","2107"
"210711","太和区","21","2107"
"210104","大东区","21","2101"
"210105","皇姑区","21","2101"
"210726","黑山县","21","2107"
"210727","义县","21","2107"
"210106","铁西区","21","2101"
"210111","苏家屯区","21","2101"
"210781","凌海市","21","2107"
"210782","北镇市","21","2107"
"210301","市辖区","21","2103"
"210302","铁东区","21","2103"
"210303","铁西区","21","2103"
"210112","浑南区","21","2101"
"210113","沈北新区","21","2101"
"210304","立山区","21","2103"
"210114","于洪区","21","2101"
"210115","辽中区","21","2101"
"210311","千山区","21","2103"
"210321","台安县","21","2103"
"210123","康平县","21","2101"
"210124","法库县","21","2101"
"210323","岫岩满族自治县","21","2103"
"210381","海城市","21","2103"
"210801","市辖区","21","2108"
"210802","站前区","21","2108"
"210201","市辖区","21","2102"
"210202","中山区","21","2102"
"210181","新民市","21","2101"
"210803","西市区","21","2108"
"210804","鲅鱼圈区","21","2108"
"210203","西岗区","21","2102"
"210204","沙河口区","21","2102"
"210601","市辖区","21","2106"
"210602","元宝区","21","2106"
"210501","市辖区","21","2105"
"210502","平山区","21","2105"
"210811","老边区","21","2108"
"210881","盖州市","21","2108"
"210211","甘井子区","21","2102"
"210212","旅顺口区","21","2102"
"210603","振兴区","21","2106"
"210604","振安区","21","2106"
"210503","溪湖区","21","2105"
"210504","明山区","21","2105"
"210882","大石桥市","21","2108"
"210213","金州区","21","2102"
"210214","普兰店区","21","2102"
"210624","宽甸满族自治县","21","2106"
"210681","东港市","21","2106"
"210505","南芬区","21","2105"
"210521","本溪满族自治县","21","2105"
"230101","市辖区","23","2301"
"230102","道里区","23","2301"
"210901","市辖区","21","2109"
"210902","海州区","21","2109"
"211101","市辖区","21","2111"
"211102","双台子区","21","2111"
"210401","市辖区","21","2104"
"210402","新抚区","21","2104"
"210224","长海县","21","2102"
"210281","瓦房店市","21","2102"
"210682","凤城市","21","2106"
"210522","桓仁满族自治县","21","2105"
"230103","南岗区","23","2301"
"230104","道外区","23","2301"
"210903","新邱区","21","2109"
"210904","太平区","21","2109"
"211103","兴隆台区","21","2111"
"211104","大洼区","21","2111"
"210403","东洲区","21","2104"
"210404","望花区","21","2104"
"230301","市辖区","23","2303"
"210283","庄河市","21","2102"
"230108","平房区","23","2301"
"210905","清河门区","21","2109"
"211122","盘山县","21","2111"
"210411","顺城区","21","2104"
"230302","鸡冠区","23","2303"
"211201","市辖区","21","2112"
"230109","松北区","23","2301"
"230110","香坊区","23","2301"
"210911","细河区","21","2109"
"210421","抚顺县","21","2104"
"210422","新宾满族自治县","21","2104"
"230303","恒山区","23","2303"
"230304","滴道区","23","2303"
"211202","银州区","21","2112"
"211204","清河区","21","2112"
"211001","市辖区","21","2110"
"211002","白塔区","21","2110"
"230401","市辖区","23","2304"
"230402","向阳区","23","2304"
"230111","呼兰区","23","2301"
"230112","阿城区","23","2301"
"210921","阜新蒙古族自治县","21","2109"
"210922","彰武县","21","2109"
"210423","清原满族自治县","21","2104"
"230305","梨树区","23","2303"
"230306","城子河区","23","2303"
"211221","铁岭县","21","2112"
"211223","西丰县","21","2112"
"211003","文圣区","21","2110"
"211004","宏伟区","21","2110"
"230403","工农区","23","2304"
"230404","南山区","23","2304"
"230501","市辖区","23","2305"
"230502","尖山区","23","2305"
"211401","市辖区","21","2114"
"211402","连山区","21","2114"
"230113","双城区","23","2301"
"230123","依兰县","23","2301"
"230307","麻山区","23","2303"
"230321","鸡东县","23","2303"
"211224","昌图县","21","2112"
"211281","调兵山市","21","2112"
"211005","弓长岭区","21","2110"
"211011","太子河区","21","2110"
"230405","兴安区","23","2304"
"230406","东山区","23","2304"
"230503","岭东区","23","2305"
"230505","四方台区","23","2305"
"211403","龙港区","21","2114"
"211301","市辖区","21","2113"
"211302","双塔区","21","2113"
"230801","市辖区","23","2308"
"230803","向阳区","23","2308"
"230124","方正县","23","2301"
"230125","宾县","23","2301"
"230381","虎林市","23","2303"
"230382","密山市","23","2303"
"211282","开原市","21","2112"
"211021","辽阳县","21","2110"
"211081","灯塔市","21","2110"
"230407","兴山区","23","2304"
"230421","萝北县","23","2304"
"230506","宝山区","23","2305"
"230521","集贤县","23","2305"
"211404","南票区","21","2114"
"211421","绥中县","21","2114"
"211303","龙城区","21","2113"
"211321","朝阳县","21","2113"
"230804","前进区","23","2308"
"230805","东风区","23","2308"
"230201","市辖区","23","2302"
"230202","龙沙区","23","2302"
"230901","市辖区","23","2309"
"230902","新兴区","23","2309"
"230126","巴彦县","23","2301"
"230127","木兰县","23","2301"
"230422","绥滨县","23","2304"
"230522","友谊县","23","2305"
"230523","宝清县","23","2305"
"211422","建昌县","21","2114"
"211481","兴城市","21","2114"
"211322","建平县","21","2113"
"211324","喀喇沁左翼蒙古族自治县","21","2113"
"230811","郊区","23","2308"
"230822","桦南县","23","2308"
"230203","建华区","23","2302"
"230903","桃山区","23","2309"
"230904","茄子河区","23","2309"
"230601","市辖区","23","2306"
"230602","萨尔图区","23","2306"
"231001","市辖区","23","2310"
"231101","市辖区","23","2311"
"231102","爱辉区","23","2311"
"230128","通河县","23","2301"
"230129","延寿县","23","2301"
"230524","饶河县","23","2305"
"211381","北票市","21","2113"
"211382","凌源市","21","2113"
"230826","桦川县","23","2308"
"230828","汤原县","23","2308"
"230204","铁锋区","23","2302"
"230205","昂昂溪区","23","2302"
"230921","勃利县","23","2309"
"230603","龙凤区","23","2306"
"230604","让胡路区","23","2306"
"231002","东安区","23","2310"
"231003","阳明区","23","2310"
"231123","逊克县","23","2311"
"231124","孙吴县","23","2311"
"230701","市辖区","23","2307"
"230717","伊美区","23","2307"
"230183","尚志市","23","2301"
"230184","五常市","23","2301"
"230881","同江市","23","2308"
"230882","富锦市","23","2308"
"230206","富拉尔基区","23","2302"
"230207","碾子山区","23","2302"
"230605","红岗区","23","2306"
"230606","大同区","23","2306"
"231004","爱民区","23","2310"
"231005","西安区","23","2310"
"231181","北安市","23","2311"
"231182","五大连池市","23","2311"
"230718","乌翠区","23","2307"
"130201","市辖区","13","1302"
"130202","路南区","13","1302"
"230883","抚远市","23","2308"
"230208","梅里斯达斡尔族区","23","2302"
"230221","龙江县","23","2302"
"230223","依安县","23","2302"
"230621","肇州县","23","2306"
"230622","肇源县","23","2306"
"231025","林口县","23","2310"
"231081","绥芬河市","23","2310"
"231183","嫩江市","23","2311"
"230719","友好区","23","2307"
"130203","路北区","13","1302"
"130204","古冶区","13","1302"
"230224","泰来县","23","2302"
"230225","甘南县","23","2302"
"230623","林甸县","23","2306"
"230624","杜尔伯特蒙古族自治县","23","2306"
"231083","海林市","23","2310"
"231084","宁安市","23","2310"
"231085","穆棱市","23","2310"
"230722","嘉荫县","23","2307"
"230723","汤旺县","23","2307"
"130205","开平区","13","1302"
"130207","丰南区","13","1302"
"130501","市辖区","13","1305"
"232701","漠河市","23","2327"
"130401","市辖区","13","1304"
"130402","邯山区","13","1304"
"130101","市辖区","13","1301"
"130102","长安区","13","1301"
"231201","市辖区","23","2312"
"231202","北林区","23","2312"
"230227","富裕县","23","2302"
"230229","克山县","23","2302"
"230671","大庆高新技术产业开发区","23","2306"
"231086","东宁市","23","2310"
"230724","丰林县","23","2307"
"230725","大箐山县","23","2307"
"230726","南岔县","23","2307"
"130208","丰润区","13","1302"
"130209","曹妃甸区","13","1302"
"130502","襄都区","13","1305"
"130503","信都区","13","1305"
"232721","呼玛县","23","2327"
"232722","塔河县","23","2327"
"130403","丛台区","13","1304"
"130404","复兴区","13","1304"
"130104","桥西区","13","1301"
"130105","新华区","13","1301"
"231221","望奎县","23","2312"
"231222","兰西县","23","2312"
"230230","克东县","23","2302"
"230231","拜泉县","23","2302"
"230751","金林区","23","2307"
"230781","铁力市","23","2307"
"130224","滦南县","13","1302"
"130225","乐亭县","13","1302"
"130505","任泽区","13","1305"
"130506","南和区","13","1305"
"130522","临城县","13","1305"
"232761","加格达奇区","23","2327"
"232762","松岭区","23","2327"
"130406","峰峰矿区","13","1304"
"130407","肥乡区","13","1304"
"130107","井陉矿区","13","1301"
"130108","裕华区","13","1301"
"231223","青冈县","23","2312"
"231224","庆安县","23","2312"
"230281","讷河市","23","2302"
"130227","迁西县","13","1302"
"130229","玉田县","13","1302"
"130523","内丘县","13","1305"
"130524","柏乡县","13","1305"
"232763","新林区","23","2327"
"232764","呼中区","23","2327"
"130408","永年区","13","1304"
"130423","临漳县","13","1304"
"130109","藁城区","13","1301"
"130110","鹿泉区","13","1301"
"231225","明水县","23","2312"
"231226","绥棱县","23","2312"
"231281","安达市","23","2312"
"130301","市辖区","13","1303"
"130302","海港区","13","1303"
"130271","河北唐山芦台经济开发区","13","1302"
"130272","唐山市汉沽管理区","13","1302"
"130525","隆尧县","13","1305"
"130528","宁晋县","13","1305"
"130424","成安县","13","1304"
"130425","大名县","13","1304"
"130111","栾城区","13","1301"
"130121","井陉县","13","1301"
"231282","肇东市","23","2312"
"231283","海伦市","23","2312"
"130303","山海关区","13","1303"
"130304","北戴河区","13","1303"
"130701","市辖区","13","1307"
"130702","桥东区","13","1307"
"130901","市辖区","13","1309"
"130902","新华区","13","1309"
"130273","唐山高新技术产业开发区","13","1302"
"130274","河北唐山海港经济开发区","13","1302"
"130529","巨鹿县","13","1305"
"130530","新河县","13","1305"
"130426","涉县","13","1304"
"130427","磁县","13","1304"
"130123","正定县","13","1301"
"130125","行唐县","13","1301"
"130306","抚宁区","13","1303"
"130321","青龙满族自治县","13","1303"
"130703","桥西区","13","1307"
"130705","宣化区","13","1307"
"130903","运河区","13","1309"
"130921","沧县","13","1309"
"130601","市辖区","13","1306"
"130602","竞秀区","13","1306"
"130281","遵化市","13","1302"
"130283","迁安市","13","1302"
"130531","广宗县","13","1305"
"130532","平乡县","13","1305"
"130430","邱县","13","1304"
"130431","鸡泽县","13","1304"
"130126","灵寿县","13","1301"
"130127","高邑县","13","1301"
"130322","昌黎县","13","1303"
"130324","卢龙县","13","1303"
"130706","下花园区","13","1307"
"130708","万全区","13","1307"
"130922","青县","13","1309"
"130923","东光县","13","1309"
"130606","莲池区","13","1306"
"130607","满城区","13","1306"
"110101","东城区","11","1101"
"110102","西城区","11","1101"
"130801","市辖区","13","1308"
"130802","双桥区","13","1308"
"131101","市辖区","13","1311"
"130284","滦州市","13","1302"
"130533","威县","13","1305"
"130534","清河县","13","1305"
"130432","广平县","13","1304"
"130433","馆陶县","13","1304"
"130128","深泽县","13","1301"
"130129","赞皇县","13","1301"
"130371","秦皇岛市经济技术开发区","13","1303"
"130372","北戴河新区","13","1303"
"130709","崇礼区","13","1307"
"130722","张北县","13","1307"
"130924","海兴县","13","1309"
"130608","清苑区","13","1306"
"130609","徐水区","13","1306"
"110105","朝阳区","11","1101"
"110106","丰台区","11","1101"
"130803","双滦区","13","1308"
"130804","鹰手营子矿区","13","1308"
"131102","桃城区","13","1311"
"131103","冀州区","13","1311"
"131001","市辖区","13","1310"
"131002","安次区","13","1310"
"130535","临西县","13","1305"
"130571","河北邢台经济开发区","13","1305"
"130434","魏县","13","1304"
"130435","曲周县","13","1304"
"130130","无极县","13","1301"
"130131","平山县","13","1301"
"130723","康保县","13","1307"
"130724","沽源县","13","1307"
"130925","盐山县","13","1309"
"130926","肃宁县","13","1309"
"130623","涞水县","13","1306"
"130624","阜平县","13","1306"
"110107","石景山区","11","1101"
"110108","海淀区","11","1101"
"130821","承德县","13","1308"
"130822","兴隆县","13","1308"
"131121","枣强县","13","1311"
"131122","武邑县","13","1311"
"131003","广阳区","13","1310"
"220101","市辖区","22","2201"
"220102","南关区","22","2201"
"130581","南宫市","13","1305"
"130582","沙河市","13","1305"
"130471","邯郸经济技术开发区","13","1304"
"130473","邯郸冀南新区","13","1304"
"130132","元氏县","13","1301"
"130133","赵县","13","1301"
"130725","尚义县","13","1307"
"130726","蔚县","13","1307"
"130927","南皮县","13","1309"
"130928","吴桥县","13","1309"
"130626","定兴县","13","1306"
"130627","唐县","13","1306"
"110109","门头沟区","11","1101"
"110111","房山区","11","1101"
"130824","滦平县","13","1308"
"130825","隆化县","13","1308"
"131123","武强县","13","1311"
"131124","饶阳县","13","1311"
"131022","固安县","13","1310"
"131023","永清县","13","1310"
"220103","宽城区","22","2201"
"220104","朝阳区","22","2201"
"130481","武安市","13","1304"
"130171","石家庄高新技术产业开发区","13","1301"
"130172","石家庄循环化工园区","13","1301"
"130727","阳原县","13","1307"
"130728","怀安县","13","1307"
"130929","献县","13","1309"
"130930","孟村回族自治县","13","1309"
"130628","高阳县","13","1306"
"130629","容城县","13","1306"
"110112","通州区","11","1101"
"110113","顺义区","11","1101"
"130826","丰宁满族自治县","13","1308"
"130827","宽城满族自治县","13","1308"
"131125","安平县","13","1311"
"131126","故城县","13","1311"
"131024","香河县","13","1310"
"131025","大城县","13","1310"
"220105","二道区","22","2201"
"220106","绿园区","22","2201"
"130181","辛集市","13","1301"
"130183","晋州市","13","1301"
"130730","怀来县","13","1307"
"130731","涿鹿县","13","1307"
"130971","河北沧州经济开发区","13","1309"
"130972","沧州高新技术产业开发区","13","1309"
"130630","涞源县","13","1306"
"130631","望都县","13","1306"
"110114","昌平区","11","1101"
"110115","大兴区","11","1101"
"130828","围场满族蒙古族自治县","13","1308"
"130871","承德高新技术产业开发区","13","1308"
"131127","景县","13","1311"
"131128","阜城县","13","1311"
"131026","文安县","13","1310"
"131028","大厂回族自治县","13","1310"
"220112","双阳区","22","2201"
"220113","九台区","22","2201"
"220301","市辖区","22","2203"
"220302","铁西区","22","2203"
"130184","新乐市","13","1301"
"130732","赤城县","13","1307"
"130771","张家口经济开发区","13","1307"
"130973","沧州渤海新区","13","1309"
"130981","泊头市","13","1309"
"130632","安新县","13","1306"
"130633","易县","13","1306"
"110116","怀柔区","11","1101"
"110117","平谷区","11","1101"
"130881","平泉市","13","1308"
"131171","河北衡水高新技术产业开发区","13","1311"
"131172","衡水滨湖新区","13","1311"
"131182","深州市","13","1311"
"131071","廊坊经济技术开发区","13","1310"
"131081","霸州市","13","1310"
"220122","农安县","22","2201"
"220171","长春经济技术开发区","22","2201"
"220303","铁东区","22","2203"
"220322","梨树县","22","2203"
"220401","市辖区","22","2204"
"220402","龙山区","22","2204"
"130772","张家口市察北管理区","13","1307"
"130773","张家口市塞北管理区","13","1307"
"130982","任丘市","13","1309"
"130983","黄骅市","13","1309"
"130634","曲阳县","13","1306"
"130635","蠡县","13","1306"
"110118","密云区","11","1101"
"131082","三河市","13","1310"
"220172","长春净月高新技术产业开发区","22","2201"
"220173","长春高新技术产业开发区","22","2201"
"220323","伊通满族自治县","22","2203"
"220382","双辽市","22","2203"
"220403","西安区","22","2204"
"220421","东丰县","22","2204"
"220201","市辖区","22","2202"
"220202","昌邑区","22","2202"
"220601","市辖区","22","2206"
"220602","浑江区","22","2206"
"220501","市辖区","22","2205"
"220502","东昌区","22","2205"
"130984","河间市","13","1309"
"130636","顺平县","13","1306"
"130637","博野县","13","1306"
"110119","延庆区","11","1101"
"220174","长春汽车经济技术开发区","22","2201"
"220182","榆树市","22","2201"
"220422","东辽县","22","2204"
"220203","龙潭区","22","2202"
"220204","船营区","22","2202"
"220605","江源区","22","2206"
"220621","抚松县","22","2206"
"220503","二道江区","22","2205"
"220521","通化县","22","2205"
"220701","市辖区","22","2207"
"220702","宁江区","22","2207"
"130638","雄县","13","1306"
"130671","保定高新技术产业开发区","13","1306"
"220183","德惠市","22","2201"
"220184","公主岭市","22","2201"
"220211","丰满区","22","2202"
"220221","永吉县","22","2202"
"220622","靖宇县","22","2206"
"220623","长白朝鲜族自治县","22","2206"
"220523","辉南县","22","2205"
"220524","柳河县","22","2205"
"220721","前郭尔罗斯蒙古族自治县","22","2207"
"220722","长岭县","22","2207"
"130672","保定白沟新城","13","1306"
"130681","涿州市","13","1306"
"220271","吉林经济开发区","22","2202"
"220272","吉林高新技术产业开发区","22","2202"
"220681","临江市","22","2206"
"220581","梅河口市","22","2205"
"220582","集安市","22","2205"
"220723","乾安县","22","2207"
"220771","吉林松原经济开发区","22","2207"
"220801","市辖区","22","2208"
"220802","洮北区","22","2208"
"130682","定州市","13","1306"
"130683","安国市","13","1306"
"220273","吉林中国新加坡食品区","22","2202"
"220281","蛟河市","22","2202"
"220781","扶余市","22","2207"
"220821","镇赉县","22","2208"
"220822","通榆县","22","2208"
"150101","市辖区","15","1501"
"150102","新城区","15","1501"
"222401","延吉市","22","2224"
"222402","图们市","22","2224"
"130684","高碑店市","13","1306"
"220282","桦甸市","22","2202"
"220283","舒兰市","22","2202"
"220871","吉林白城经济开发区","22","2208"
"220881","洮南市","22","2208"
"150103","回民区","15","1501"
"150104","玉泉区","15","1501"
"222403","敦化市","22","2224"
"222404","珲春市","22","2224"
"220284","磐石市","22","2202"
"220882","大安市","22","2208"
"150105","赛罕区","15","1501"
"150121","土默特左旗","15","1501"
"222405","龙井市","22","2224"
"222406","和龙市","22","2224"
"150122","托克托县","15","1501"
"222424","汪清县","22","2224"
"222426","安图县","22","2224"
"150123","和林格尔县","15","1501"
"150124","清水河县","15","1501"
"150201","市辖区","15","1502"
"150125","武川县","15","1501"
"150172","呼和浩特经济技术开发区","15","1501"
"150202","东河区","15","1502"
"150203","昆都仑区","15","1502"
"150204","青山区","15","1502"
"150205","石拐区","15","1502"
"150206","白云鄂博矿区","15","1502"
"150301","市辖区","15","1503"
"150302","海勃湾区","15","1503"
"150207","九原区","15","1502"
"150221","土默特右旗","15","1502"
"150303","海南区","15","1503"
"150304","乌达区","15","1503"
"150222","固阳县","15","1502"
"150223","达尔罕茂明安联合旗","15","1502"
"150271","包头稀土高新技术产业开发区","15","1502"
"150501","市辖区","15","1505"
"150502","科尔沁区","15","1505"
"150401","市辖区","15","1504"
"150402","红山区","15","1504"
"150521","科尔沁左翼中旗","15","1505"
"150522","科尔沁左翼后旗","15","1505"
"150403","元宝山区","15","1504"
"150523","开鲁县","15","1505"
"150524","库伦旗","15","1505"
"150404","松山区","15","1504"
"150421","阿鲁科尔沁旗","15","1504"
"150422","巴林左旗","15","1504"
"150525","奈曼旗","15","1505"
"150526","扎鲁特旗","15","1505"
"150423","巴林右旗","15","1504"
"150424","林西县","15","1504"
"150571","通辽经济技术开发区","15","1505"
"150581","霍林郭勒市","15","1505"
"150425","克什克腾旗","15","1504"
"150426","翁牛特旗","15","1504"
"150428","喀喇沁旗","15","1504"
"150429","宁城县","15","1504"
"150430","敖汉旗","15","1504"
"150901","市辖区","15","1509"
"150902","集宁区","15","1509"
"150921","卓资县","15","1509"
"150922","化德县","15","1509"
"150923","商都县","15","1509"
"150924","兴和县","15","1509"
"150925","凉城县","15","1509"
"150926","察哈尔右翼前旗","15","1509"
"150927","察哈尔右翼中旗","15","1509"
"150928","察哈尔右翼后旗","15","1509"
"150929","四子王旗","15","1509"
"150981","丰镇市","15","1509"
"152501","二连浩特市","15","1525"
"152502","锡林浩特市","15","1525"
"150601","市辖区","15","1506"
"150602","东胜区","15","1506"
"150801","市辖区","15","1508"
"150802","临河区","15","1508"
"152522","阿巴嘎旗","15","1525"
"152523","苏尼特左旗","15","1525"
"150603","康巴什区","15","1506"
"150821","五原县","15","1508"
"150822","磴口县","15","1508"
"152524","苏尼特右旗","15","1525"
"152525","东乌珠穆沁旗","15","1525"
"150621","达拉特旗","15","1506"
"150622","准格尔旗","15","1506"
"150823","乌拉特前旗","15","1508"
"150824","乌拉特中旗","15","1508"
"152526","西乌珠穆沁旗","15","1525"
"152527","太仆寺旗","15","1525"
"150623","鄂托克前旗","15","1506"
"150624","鄂托克旗","15","1506"
"150825","乌拉特后旗","15","1508"
"150826","杭锦后旗","15","1508"
"310101","黄浦区","31","3101"
"310104","徐汇区","31","3101"
"152921","阿拉善左旗","15","1529"
"152922","阿拉善右旗","15","1529"
"152201","乌兰浩特市","15","1522"
"152202","阿尔山市","15","1522"
"152528","镶黄旗","15","1525"
"152529","正镶白旗","15","1525"
"150625","杭锦旗","15","1506"
"150626","乌审旗","15","1506"
"310105","长宁区","31","3101"
"310106","静安区","31","3101"
"152923","额济纳旗","15","1529"
"152971","内蒙古阿拉善高新技术产业开发区","15","1529"
"152221","科尔沁右翼前旗","15","1522"
"152222","科尔沁右翼中旗","15","1522"
"150701","市辖区","15","1507"
"150702","海拉尔区","15","1507"
"152530","正蓝旗","15","1525"
"152531","多伦县","15","1525"
"150627","伊金霍洛旗","15","1506"
"310107","普陀区","31","3101"
"310109","虹口区","31","3101"
"152223","扎赉特旗","15","1522"
"152224","突泉县","15","1522"
"150703","扎赉诺尔区","15","1507"
"150721","阿荣旗","15","1507"
"152571","乌拉盖管理区管委会","15","1525"
"310110","杨浦区","31","3101"
"310112","闵行区","31","3101"
"150722","莫力达瓦达斡尔族自治旗","15","1507"
"150723","鄂伦春自治旗","15","1507"
"310113","宝山区","31","3101"
"310114","嘉定区","31","3101"
"150724","鄂温克族自治旗","15","1507"
"150725","陈巴尔虎旗","15","1507"
"310115","浦东新区","31","3101"
"310116","金山区","31","3101"
"150726","新巴尔虎左旗","15","1507"
"330301","市辖区","33","3303"
"330302","鹿城区","33","3303"
"330601","市辖区","33","3306"
"330602","越城区","33","3306"
"330101","市辖区","33","3301"
"330102","上城区","33","3301"
"330201","市辖区","33","3302"
"330203","海曙区","33","3302"
"310117","松江区","31","3101"
"310118","青浦区","31","3101"
"150727","新巴尔虎右旗","15","1507"
"330303","龙湾区","33","3303"
"330304","瓯海区","33","3303"
"330603","柯桥区","33","3306"
"330604","上虞区","33","3306"
"330105","拱墅区","33","3301"
"330106","西湖区","33","3301"
"330205","江北区","33","3302"
"330206","北仑区","33","3302"
"330801","市辖区","33","3308"
"330802","柯城区","33","3308"
"330501","市辖区","33","3305"
"330502","吴兴区","33","3305"
"310120","奉贤区","31","3101"
"310151","崇明区","31","3101"
"150781","满洲里市","15","1507"
"150782","牙克石市","15","1507"
"330305","洞头区","33","3303"
"330324","永嘉县","33","3303"
"330624","新昌县","33","3306"
"330681","诸暨市","33","3306"
"330108","滨江区","33","3301"
"330109","萧山区","33","3301"
"330211","镇海区","33","3302"
"330212","鄞州区","33","3302"
"330803","衢江区","33","3308"
"330822","常山县","33","3308"
"330503","南浔区","33","3305"
"330521","德清县","33","3305"
"150783","扎兰屯市","15","1507"
"150784","额尔古纳市","15","1507"
"330326","平阳县","33","3303"
"330327","苍南县","33","3303"
"330683","嵊州市","33","3306"
"330110","余杭区","33","3301"
"330111","富阳区","33","3301"
"330112","临安区","33","3301"
"330213","奉化区","33","3302"
"330225","象山县","33","3302"
"330824","开化县","33","3308"
"330522","长兴县","33","3305"
"330523","安吉县","33","3305"
"330701","市辖区","33","3307"
"330702","婺城区","33","3307"
"330401","市辖区","33","3304"
"330402","南湖区","33","3304"
"150785","根河市","15","1507"
"330328","文成县","33","3303"
"330113","临平区","33","3301"
"330114","钱塘区","33","3301"
"330226","宁海县","33","3302"
"330281","余姚市","33","3302"
"330825","龙游县","33","3308"
"330703","金东区","33","3307"
"330411","秀洲区","33","3304"
"360501","市辖区","36","3605"
"360502","渝水区","36","3605"
"330329","泰顺县","33","3303"
"330381","瑞安市","33","3303"
"330122","桐庐县","33","3301"
"330127","淳安县","33","3301"
"330282","慈溪市","33","3302"
"330881","江山市","33","3308"
"330723","武义县","33","3307"
"330726","浦江县","33","3307"
"330421","嘉善县","33","3304"
"360521","分宜县","36","3605"
"360301","市辖区","36","3603"
"360302","安源区","36","3603"
"360201","市辖区","36","3602"
"360202","昌江区","36","3602"
"360401","市辖区","36","3604"
"360402","濂溪区","36","3604"
"330382","乐清市","33","3303"
"330383","龙港市","33","3303"
"330182","建德市","33","3301"
"330727","磐安县","33","3307"
"330424","海盐县","33","3304"
"330481","海宁市","33","3304"
"360313","湘东区","36","3603"
"360321","莲花县","36","3603"
"360203","珠山区","36","3602"
"360222","浮梁县","36","3602"
"360403","浔阳区","36","3604"
"360404","柴桑区","36","3604"
"331001","市辖区","33","3310"
"331002","椒江区","33","3310"
"330901","市辖区","33","3309"
"330902","定海区","33","3309"
"331101","市辖区","33","3311"
"331102","莲都区","33","3311"
"330781","兰溪市","33","3307"
"330782","义乌市","33","3307"
"330482","平湖市","33","3304"
"330483","桐乡市","33","3304"
"360322","上栗县","36","3603"
"360323","芦溪县","36","3603"
"360281","乐平市","36","3602"
"360423","武宁县","36","3604"
"360424","修水县","36","3604"
"331003","黄岩区","33","3310"
"330903","普陀区","33","3309"
"330921","岱山县","33","3309"
"330922","嵊泗县","33","3309"
"331121","青田县","33","3311"
"331122","缙云县","33","3311"
"331123","遂昌县","33","3311"
"360601","市辖区","36","3606"
"360602","月湖区","36","3606"
"330783","东阳市","33","3307"
"330784","永康市","33","3307"
"360425","永修县","36","3604"
"360426","德安县","36","3604"
"331004","路桥区","33","3310"
"331124","松阳县","33","3311"
"331125","云和县","33","3311"
"360603","余江区","36","3606"
"360681","贵溪市","36","3606"
"340101","市辖区","34","3401"
"340102","瑶海区","34","3401"
"360801","市辖区","36","3608"
"360802","吉州区","36","3608"
"360428","都昌县","36","3604"
"360429","湖口县","36","3604"
"331022","三门县","33","3310"
"331023","天台县","33","3310"
"331126","庆元县","33","3311"
"331127","景宁畲族自治县","33","3311"
"340103","庐阳区","34","3401"
"340104","蜀山区","34","3401"
"360803","青原区","36","3608"
"360821","吉安县","36","3608"
"361101","市辖区","36","3611"
"361102","信州区","36","3611"
"360430","彭泽县","36","3604"
"360481","瑞昌市","36","3604"
"331024","仙居县","33","3310"
"331081","温岭市","33","3310"
"331181","龙泉市","33","3311"
"340111","包河区","34","3401"
"340121","长丰县","34","3401"
"360822","吉水县","36","3608"
"360823","峡江县","36","3608"
"361103","广丰区","36","3611"
"361104","广信区","36","3611"
"361001","市辖区","36","3610"
"361002","临川区","36","3610"
"360701","市辖区","36","3607"
"360702","章贡区","36","3607"
"360101","市辖区","36","3601"
"360102","东湖区","36","3601"
"340201","市辖区","34","3402"
"340202","镜湖区","34","3402"
"360901","市辖区","36","3609"
"360902","袁州区","36","3609"
"360482","共青城市","36","3604"
"360483","庐山市","36","3604"
"331082","临海市","33","3310"
"331083","玉环市","33","3310"
"340122","肥东县","34","3401"
"340123","肥西县","34","3401"
"360824","新干县","36","3608"
"360825","永丰县","36","3608"
"361123","玉山县","36","3611"
"361003","东乡区","36","3610"
"361021","南城县","36","3610"
"360703","南康区","36","3607"
"360704","赣县区","36","3607"
"360103","西湖区","36","3601"
"360104","青云谱区","36","3601"
"340207","鸠江区","34","3402"
"340209","弋江区","34","3402"
"360921","奉新县","36","3609"
"360922","万载县","36","3609"
"340124","庐江县","34","3401"
"340176","合肥高新技术产业开发区","34","3401"
"360826","泰和县","36","3608"
"360827","遂川县","36","3608"
"361124","铅山县","36","3611"
"361125","横峰县","36","3611"
"361022","黎川县","36","3610"
"361023","南丰县","36","3610"
"360722","信丰县","36","3607"
"360723","大余县","36","3607"
"360111","青山湖区","36","3601"
"360112","新建区","36","3601"
"340210","湾沚区","34","3402"
"340212","繁昌区","34","3402"
"360923","上高县","36","3609"
"360924","宜丰县","36","3609"
"340177","合肥经济技术开发区","34","3401"
"360828","万安县","36","3608"
"361126","弋阳县","36","3611"
"361127","余干县","36","3611"
"361024","崇仁县","36","3610"
"361025","乐安县","36","3610"
"360724","上犹县","36","3607"
"360725","崇义县","36","3607"
"360113","红谷滩区","36","3601"
"360121","南昌县","36","3601"
"340223","南陵县","34","3402"
"340271","芜湖经济技术开发区","34","3402"
"360925","靖安县","36","3609"
"360926","铜鼓县","36","3609"
"340401","市辖区","34","3404"
"340402","大通区","34","3404"
"340301","市辖区","34","3403"
"340302","龙子湖区","34","3403"
"340178","合肥新站高新技术产业开发区","34","3401"
"340181","巢湖市","34","3401"
"360829","安福县","36","3608"
"360830","永新县","36","3608"
"361128","鄱阳县","36","3611"
"361026","宜黄县","36","3610"
"360726","安远县","36","3607"
"360728","定南县","36","3607"
"360123","安义县","36","3601"
"360124","进贤县","36","3601"
"340272","安徽芜湖三山经济开发区","34","3402"
"340281","无为市","34","3402"
"360981","丰城市","36","3609"
"360982","樟树市","36","3609"
"340403","田家庵区","34","3404"
"340404","谢家集区","34","3404"
"340303","蚌山区","34","3403"
"340304","禹会区","34","3403"
"340501","市辖区","34","3405"
"340503","花山区","34","3405"
"360881","井冈山市","36","3608"
"361129","万年县","36","3611"
"361130","婺源县","36","3611"
"361027","金溪县","36","3610"
"361028","资溪县","36","3610"
"360729","全南县","36","3607"
"360730","宁都县","36","3607"
"360983","高安市","36","3609"
"340405","八公山区","34","3404"
"340406","潘集区","34","3404"
"340311","淮上区","34","3403"
"340321","怀远县","34","3403"
"340504","雨山区","34","3405"
"340506","博望区","34","3405"
"340601","市辖区","34","3406"
"340602","杜集区","34","3406"
"340701","市辖区","34","3407"
"340705","铜官区","34","3407"
"361181","德兴市","36","3611"
"361030","广昌县","36","3610"
"360731","于都县","36","3607"
"360732","兴国县","36","3607"
"340421","凤台县","34","3404"
"340422","寿县","34","3404"
"340322","五河县","34","3403"
"340323","固镇县","34","3403"
"340521","当涂县","34","3405"
"340522","含山县","34","3405"
"340603","相山区","34","3406"
"340604","烈山区","34","3406"
"340706","义安区","34","3407"
"340711","郊区","34","3407"
"340801","市辖区","34","3408"
"340802","迎江区","34","3408"
"360733","会昌县","36","3607"
"360734","寻乌县","36","3607"
"340371","蚌埠市高新技术开发区","34","3403"
"340372","蚌埠市经济开发区","34","3403"
"340523","和县","34","3405"
"340621","濉溪县","34","3406"
"340722","枞阳县","34","3407"
"340803","大观区","34","3408"
"340811","宜秀区","34","3408"
"341001","市辖区","34","3410"
"341002","屯溪区","34","3410"
"360735","石城县","36","3607"
"360781","瑞金市","36","3607"
"340822","怀宁县","34","3408"
"340825","太湖县","34","3408"
"341003","黄山区","34","3410"
"341004","徽州区","34","3410"
"341101","市辖区","34","3411"
"341102","琅琊区","34","3411"
"360783","龙南市","36","3607"
"340826","宿松县","34","3408"
"340827","望江县","34","3408"
"341021","歙县","34","3410"
"341022","休宁县","34","3410"
"341103","南谯区","34","3411"
"341122","来安县","34","3411"
"340828","岳西县","34","3408"
"341023","黟县","34","3410"
"341024","祁门县","34","3410"
"341124","全椒县","34","3411"
"341125","定远县","34","3411"
"340871","安徽安庆经济开发区","34","3408"
"340881","桐城市","34","3408"
"341126","凤阳县","34","3411"
"341171","中新苏滁高新技术产业开发区","34","3411"
"341201","市辖区","34","3412"
"341202","颍州区","34","3412"
"341301","市辖区","34","3413"
"341302","埇桥区","34","3413"
"340882","潜山市","34","3408"
"341172","滁州经济技术开发区","34","3411"
"341203","颍东区","34","3412"
"341204","颍泉区","34","3412"
"341321","砀山县","34","3413"
"341322","萧县","34","3413"
"341181","天长市","34","3411"
"341221","临泉县","34","3412"
"341222","太和县","34","3412"
"341323","灵璧县","34","3413"
"341324","泗县","34","3413"
"341182","明光市","34","3411"
"341225","阜南县","34","3412"
"341226","颍上县","34","3412"
"341371","宿州马鞍山现代产业园区","34","3413"
"341372","宿州经济技术开发区","34","3413"
"341271","阜阳合肥现代产业园区","34","3412"
"341272","阜阳经济技术开发区","34","3412"
"341501","市辖区","34","3415"
"341282","界首市","34","3412"
"341502","金安区","34","3415"
"341503","裕安区","34","3415"
"341504","叶集区","34","3415"
"341522","霍邱县","34","3415"
"341523","舒城县","34","3415"
"341524","金寨县","34","3415"
"341525","霍山县","34","3415"
"341801","市辖区","34","3418"
"341802","宣州区","34","3418"
"341601","市辖区","34","3416"
"341602","谯城区","34","3416"
"341821","郎溪县","34","3418"
"341823","泾县","34","3418"
"341621","涡阳县","34","3416"
"341622","蒙城县","34","3416"
"341824","绩溪县","34","3418"
"341623","利辛县","34","3416"
"341825","旌德县","34","3418"
"341871","宣城市经济开发区","34","3418"
"341881","宁国市","34","3418"
"341882","广德市","34","3418"
"341701","市辖区","34","3417"
"341702","贵池区","34","3417"
"320101","市辖区","32","3201"
"320102","玄武区","32","3201"
"341721","东至县","34","3417"
"341722","石台县","34","3417"
"320104","秦淮区","32","3201"
"320105","建邺区","32","3201"
"341723","青阳县","34","3417"
"320106","鼓楼区","32","3201"
"320111","浦口区","32","3201"
"320113","栖霞区","32","3201"
"320114","雨花台区","32","3201"
"320401","市辖区","32","3204"
"320402","天宁区","32","3204"
"320301","市辖区","32","3203"
"320302","鼓楼区","32","3203"
"320201","市辖区","32","3202"
"320205","锡山区","32","3202"
"320115","江宁区","32","3201"
"320116","六合区","32","3201"
"320404","钟楼区","32","3204"
"320411","新北区","32","3204"
"320303","云龙区","32","3203"
"320206","惠山区","32","3202"
"320211","滨湖区","32","3202"
"320501","市辖区","32","3205"
"320505","虎丘区","32","3205"
"320117","溧水区","32","3201"
"320118","高淳区","32","3201"
"320412","武进区","32","3204"
"320413","金坛区","32","3204"
"320305","贾汪区","32","3203"
"320311","泉山区","32","3203"
"320213","梁溪区","32","3202"
"320214","新吴区","32","3202"
"320506","吴中区","32","3205"
"320507","相城区","32","3205"
"320481","溧阳市","32","3204"
"320312","铜山区","32","3203"
"320321","丰县","32","3203"
"320281","江阴市","32","3202"
"320282","宜兴市","32","3202"
"320508","姑苏区","32","3205"
"320509","吴江区","32","3205"
"320701","市辖区","32","3207"
"320703","连云区","32","3207"
"320322","沛县","32","3203"
"320324","睢宁县","32","3203"
"320576","苏州工业园区","32","3205"
"320706","海州区","32","3207"
"320707","赣榆区","32","3207"
"320371","徐州经济技术开发区","32","3203"
"320381","新沂市","32","3203"
"320581","常熟市","32","3205"
"320582","张家港市","32","3205"
"320722","东海县","32","3207"
"320723","灌云县","32","3207"
"320382","邳州市","32","3203"
"320583","昆山市","32","3205"
"320585","太仓市","32","3205"
"320724","灌南县","32","3207"
"320771","连云港经济技术开发区","32","3207"
"321101","市辖区","32","3211"
"321102","京口区","32","3211"
"321301","市辖区","32","3213"
"321302","宿城区","32","3213"
"321111","润州区","32","3211"
"321311","宿豫区","32","3213"
"321322","沭阳县","32","3213"
"321112","丹徒区","32","3211"
"321171","镇江新区","32","3211"
"321323","泗阳县","32","3213"
"321324","泗洪县","32","3213"
"321181","丹阳市","32","3211"
"321371","宿迁经济技术开发区","32","3213"
"370101","市辖区","37","3701"
"370102","历下区","37","3701"
"320601","市辖区","32","3206"
"320612","通州区","32","3206"
"321182","扬中市","32","3211"
"321183","句容市","32","3211"
"370103","市中区","37","3701"
"370104","槐荫区","37","3701"
"320613","崇川区","32","3206"
"320614","海门区","32","3206"
"370105","天桥区","37","3701"
"370112","历城区","37","3701"
"320623","如东县","32","3206"
"320671","南通经济技术开发区","32","3206"
"370113","长清区","37","3701"
"370114","章丘区","37","3701"
"320681","启东市","32","3206"
"320682","如皋市","32","3206"
"370115","济阳区","37","3701"
"370116","莱芜区","37","3701"
"320685","海安市","32","3206"
"370117","钢城区","37","3701"
"370124","平阴县","37","3701"
"370126","商河县","37","3701"
"370176","济南高新技术产业开发区","37","3701"
"350201","市辖区","35","3502"
"350203","思明区","35","3502"
"350205","海沧区","35","3502"
"350206","湖里区","35","3502"
"350211","集美区","35","3502"
"350212","同安区","35","3502"
"350213","翔安区","35","3502"
"370201","市辖区","37","3702"
"370202","市南区","37","3702"
"370203","市北区","37","3702"
"370211","黄岛区","37","3702"
"370212","崂山区","37","3702"
"370213","李沧区","37","3702"
"370214","城阳区","37","3702"
"370215","即墨区","37","3702"
"370281","胶州市","37","3702"
"370283","平度市","37","3702"
"370285","莱西市","37","3702"
"320801","市辖区","32","3208"
"320803","淮安区","32","3208"
"320901","市辖区","32","3209"
"320902","亭湖区","32","3209"
"320804","淮阴区","32","3208"
"320812","清江浦区","32","3208"
"320903","盐都区","32","3209"
"320904","大丰区","32","3209"
"320813","洪泽区","32","3208"
"320826","涟水县","32","3208"
"320921","响水县","32","3209"
"320830","盱眙县","32","3208"
"320831","金湖县","32","3208"
"320922","滨海县","32","3209"
"320923","阜宁县","32","3209"
"320871","淮安经济技术开发区","32","3208"
"320924","射阳县","32","3209"
"320925","建湖县","32","3209"
"370301","市辖区","37","3703"
"370302","淄川区","37","3703"
"320971","盐城经济技术开发区","32","3209"
"320981","东台市","32","3209"
"370303","张店区","37","3703"
"370304","博山区","37","3703"
"321001","市辖区","32","3210"
"321002","广陵区","32","3210"
"321201","市辖区","32","3212"
"321202","海陵区","32","3212"
"370305","临淄区","37","3703"
"370306","周村区","37","3703"
"321003","邗江区","32","3210"
"321012","江都区","32","3210"
"321203","高港区","32","3212"
"321204","姜堰区","32","3212"
"370321","桓台县","37","3703"
"370322","高青县","37","3703"
"321023","宝应县","32","3210"
"321071","扬州经济技术开发区","32","3210"
"321281","兴化市","32","3212"
"321282","靖江市","32","3212"
"370401","市辖区","37","3704"
"370402","市中区","37","3704"
"370323","沂源县","37","3703"
"321081","仪征市","32","3210"
"321084","高邮市","32","3210"
"321283","泰兴市","32","3212"
"370403","薛城区","37","3704"
"370404","峄城区","37","3704"
"370501","市辖区","37","3705"
"370502","东营区","37","3705"
"350101","市辖区","35","3501"
"350102","鼓楼区","35","3501"
"371301","市辖区","37","3713"
"371302","兰山区","37","3713"
"371401","市辖区","37","3714"
"371402","德城区","37","3714"
"370405","台儿庄区","37","3704"
"370406","山亭区","37","3704"
"370503","河口区","37","3705"
"370505","垦利区","37","3705"
"350103","台江区","35","3501"
"350104","仓山区","35","3501"
"371311","罗庄区","37","3713"
"371312","河东区","37","3713"
"371403","陵城区","37","3714"
"371422","宁津县","37","3714"
"370701","市辖区","37","3707"
"370702","潍城区","37","3707"
"370481","滕州市","37","3704"
"370522","利津县","37","3705"
"370523","广饶县","37","3705"
"350105","马尾区","35","3501"
"350111","晋安区","35","3501"
"371321","沂南县","37","3713"
"371322","郯城县","37","3713"
"371423","庆云县","37","3714"
"371424","临邑县","37","3714"
"370703","寒亭区","37","3707"
"120101","和平区","12","1201"
"120102","河东区","12","1201"
"370601","市辖区","37","3706"
"370602","芝罘区","37","3706"
"370901","市辖区","37","3709"
"370902","泰山区","37","3709"
"370571","东营经济技术开发区","37","3705"
"370572","东营港经济开发区","37","3705"
"350112","长乐区","35","3501"
"350121","闽侯县","35","3501"
"371323","沂水县","37","3713"
"371324","兰陵县","37","3713"
"371425","齐河县","37","3714"
"371426","平原县","37","3714"
"370704","坊子区","37","3707"
"370705","奎文区","37","3707"
"120103","河西区","12","1201"
"120104","南开区","12","1201"
"370611","福山区","37","3706"
"370612","牟平区","37","3706"
"370911","岱岳区","37","3709"
"370921","宁阳县","37","3709"
"371101","市辖区","37","3711"
"371102","东港区","37","3711"
"350122","连江县","35","3501"
"350123","罗源县","35","3501"
"371325","费县","37","3713"
"371326","平邑县","37","3713"
"371427","夏津县","37","3714"
"371428","武城县","37","3714"
"370724","临朐县","37","3707"
"370725","昌乐县","37","3707"
"120105","河北区","12","1201"
"120106","红桥区","12","1201"
"370613","莱山区","37","3706"
"370614","蓬莱区","37","3706"
"370923","东平县","37","3709"
"371103","岚山区","37","3711"
"371121","五莲县","37","3711"
"350124","闽清县","35","3501"
"350125","永泰县","35","3501"
"371327","莒南县","37","3713"
"371328","蒙阴县","37","3713"
"371471","德州天衢新区","37","3714"
"371481","乐陵市","37","3714"
"370772","潍坊滨海经济技术开发区","37","3707"
"370781","青州市","37","3707"
"120110","东丽区","12","1201"
"120111","西青区","12","1201"
"370671","烟台高新技术产业开发区","37","3706"
"370676","烟台经济技术开发区","37","3706"
"370982","新泰市","37","3709"
"370983","肥城市","37","3709"
"371122","莒县","37","3711"
"371171","日照经济技术开发区","37","3711"
"410101","市辖区","41","4101"
"410102","中原区","41","4101"
"371501","市辖区","37","3715"
"371502","东昌府区","37","3715"
"350128","平潭县","35","3501"
"350181","福清市","35","3501"
"371329","临沭县","37","3713"
"371371","临沂高新技术产业开发区","37","3713"
"371482","禹城市","37","3714"
"370782","诸城市","37","3707"
"370783","寿光市","37","3707"
"120112","津南区","12","1201"
"120113","北辰区","12","1201"
"370681","龙口市","37","3706"
"370682","莱阳市","37","3706"
"410103","二七区","41","4101"
"371503","茌平区","37","3715"
"371521","阳谷县","37","3715"
"370784","安丘市","37","3707"
"370785","高密市","37","3707"
"120114","武清区","12","1201"
"120115","宝坻区","12","1201"
"370683","莱州市","37","3706"
"370685","招远市","37","3706"
"410104","管城回族区","41","4101"
"410105","金水区","41","4101"
"371522","莘县","37","3715"
"371524","东阿县","37","3715"
"410301","市辖区","41","4103"
"410302","老城区","41","4103"
"410201","市辖区","41","4102"
"410202","龙亭区","41","4102"
"371001","市辖区","37","3710"
"371002","环翠区","37","3710"
"370801","市辖区","37","3708"
"370786","昌邑市","37","3707"
"120116","滨海新区","12","1201"
"370686","栖霞市","37","3706"
"370687","海阳市","37","3706"
"410106","上街区","41","4101"
"410108","惠济区","41","4101"
"371525","冠县","37","3715"
"371526","高唐县","37","3715"
"410303","西工区","41","4103"
"410304","瀍河回族区","41","4103"
"410203","顺河回族区","41","4102"
"410204","鼓楼区","41","4102"
"371003","文登区","37","3710"
"371071","威海火炬高技术产业开发区","37","3710"
"370811","任城区","37","3708"
"370812","兖州区","37","3708"
"410401","市辖区","41","4104"
"410402","新华区","41","4104"
"410501","市辖区","41","4105"
"410502","文峰区","41","4105"
"120117","宁河区","12","1201"
"120118","静海区","12","1201"
"410122","中牟县","41","4101"
"410171","郑州经济技术开发区","41","4101"
"371581","临清市","37","3715"
"410305","涧西区","41","4103"
"410205","禹王台区","41","4102"
"410212","祥符区","41","4102"
"371072","威海经济技术开发区","37","3710"
"371073","威海临港经济技术开发区","37","3710"
"370826","微山县","37","3708"
"370827","鱼台县","37","3708"
"410403","卫东区","41","4104"
"410404","石龙区","41","4104"
"410503","北关区","41","4105"
"410505","殷都区","41","4105"
"410801","市辖区","41","4108"
"410802","解放区","41","4108"
"120119","蓟州区","12","1201"
"410172","郑州高新技术产业开发区","41","4101"
"410307","偃师区","41","4103"
"410308","孟津区","41","4103"
"410221","杞县","41","4102"
"410222","通许县","41","4102"
"371082","荣成市","37","3710"
"371083","乳山市","37","3710"
"370828","金乡县","37","3708"
"370829","嘉祥县","37","3708"
"410411","湛河区","41","4104"
"410421","宝丰县","41","4104"
"410506","龙安区","41","4105"
"410803","中站区","41","4108"
"410804","马村区","41","4108"
"410601","市辖区","41","4106"
"410602","鹤山区","41","4106"
"411101","市辖区","41","4111"
"411102","源汇区","41","4111"
"410701","市辖区","41","4107"
"410702","红旗区","41","4107"
"410173","郑州航空港经济综合实验区","41","4101"
"410311","洛龙区","41","4103"
"410323","新安县","41","4103"
"410223","尉氏县","41","4102"
"410225","兰考县","41","4102"
"370830","汶上县","37","3708"
"370831","泗水县","37","3708"
"410422","叶县","41","4104"
"410423","鲁山县","41","4104"
"410522","安阳县","41","4105"
"410523","汤阴县","41","4105"
"410811","山阳区","41","4108"
"410821","修武县","41","4108"
"410603","山城区","41","4106"
"410611","淇滨区","41","4106"
"411103","郾城区","41","4111"
"411104","召陵区","41","4111"
"410703","卫滨区","41","4107"
"410704","凤泉区","41","4107"
"411201","市辖区","41","4112"
"411001","市辖区","41","4110"
"411002","魏都区","41","4110"
"410181","巩义市","41","4101"
"410182","荥阳市","41","4101"
"410324","栾川县","41","4103"
"410325","嵩县","41","4103"
"370832","梁山县","37","3708"
"370871","济宁高新技术产业开发区","37","3708"
"410425","郏县","41","4104"
"410471","平顶山高新技术产业开发区","41","4104"
"410526","滑县","41","4105"
"410527","内黄县","41","4105"
"410822","博爱县","41","4108"
"410823","武陟县","41","4108"
"410621","浚县","41","4106"
"410622","淇县","41","4106"
"411121","舞阳县","41","4111"
"411122","临颍县","41","4111"
"410711","牧野区","41","4107"
"410721","新乡县","41","4107"
"411202","湖滨区","41","4112"
"411203","陕州区","41","4112"
"411003","建安区","41","4110"
"411024","鄢陵县","41","4110"
"430101","市辖区","43","4301"
"430102","芙蓉区","43","4301"
"411401","市辖区","41","4114"
"411402","梁园区","41","4114"
"410183","新密市","41","4101"
"410184","新郑市","41","4101"
"410326","汝阳县","41","4103"
"410327","宜阳县","41","4103"
"370881","曲阜市","37","3708"
"370883","邹城市","37","3708"
"410472","平顶山市城乡一体化示范区","41","4104"
"410481","舞钢市","41","4104"
"410571","安阳高新技术产业开发区","41","4105"
"410581","林州市","41","4105"
"410825","温县","41","4108"
"410871","焦作城乡一体化示范区","41","4108"
"410671","鹤壁经济技术开发区","41","4106"
"411171","漯河经济技术开发区","41","4111"
"410724","获嘉县","41","4107"
"410725","原阳县","41","4107"
"411221","渑池县","41","4112"
"411224","卢氏县","41","4112"
"411025","襄城县","41","4110"
"411071","许昌经济技术开发区","41","4110"
"430103","天心区","43","4301"
"430104","岳麓区","43","4301"
"411403","睢阳区","41","4114"
"411421","民权县","41","4114"
"411301","市辖区","41","4113"
"411302","宛城区","41","4113"
"410901","市辖区","41","4109"
"430201","市辖区","43","4302"
"410185","登封市","41","4101"
"410328","洛宁县","41","4103"
"410329","伊川县","41","4103"
"410482","汝州市","41","4104"
"410882","沁阳市","41","4108"
"410883","孟州市","41","4108"
"410726","延津县","41","4107"
"410727","封丘县","41","4107"
"411271","河南三门峡经济开发区","41","4112"
"411281","义马市","41","4112"
"411081","禹州市","41","4110"
"411082","长葛市","41","4110"
"430105","开福区","43","4301"
"430111","雨花区","43","4301"
"411422","睢县","41","4114"
"411423","宁陵县","41","4114"
"411303","卧龙区","41","4113"
"411321","南召县","41","4113"
"410902","华龙区","41","4109"
"410922","清丰县","41","4109"
"430202","荷塘区","43","4302"
"430203","芦淞区","43","4302"
"430401","市辖区","43","4304"
"430405","珠晖区","43","4304"
"410371","洛阳高新技术产业开发区","41","4103"
"410771","新乡高新技术产业开发区","41","4107"
"410772","新乡经济技术开发区","41","4107"
"411282","灵宝市","41","4112"
"430112","望城区","43","4301"
"430121","长沙县","43","4301"
"411424","柘城县","41","4114"
"411322","方城县","41","4113"
"411323","西峡县","41","4113"
"410923","南乐县","41","4109"
"410926","范县","41","4109"
"430204","石峰区","43","4302"
"430211","天元区","43","4302"
"430406","雁峰区","43","4304"
"430407","石鼓区","43","4304"
"411501","市辖区","41","4115"
"411502","浉河区","41","4115"
"410773","新乡市平原城乡一体化示范区","41","4107"
"430181","浏阳市","43","4301"
"411425","虞城县","41","4114"
"411426","夏邑县","41","4114"
"411324","镇平县","41","4113"
"410927","台前县","41","4109"
"410928","濮阳县","41","4109"
"430212","渌口区","43","4302"
"430223","攸县","43","4302"
"430408","蒸湘区","43","4304"
"430412","南岳区","43","4304"
"411503","平桥区","41","4115"
"411521","罗山县","41","4115"
"430301","市辖区","43","4303"
"430302","雨湖区","43","4303"
"410781","卫辉市","41","4107"
"410782","辉县市","41","4107"
"430182","宁乡市","43","4301"
"411471","豫东综合物流产业聚集区","41","4114"
"411472","河南商丘经济开发区","41","4114"
"411325","内乡县","41","4113"
"411326","淅川县","41","4113"
"410971","河南濮阳工业园区","41","4109"
"410972","濮阳经济技术开发区","41","4109"
"430224","茶陵县","43","4302"
"430225","炎陵县","43","4302"
"430421","衡阳县","43","4304"
"430422","衡南县","43","4304"
"411522","光山县","41","4115"
"411523","新县","41","4115"
"430304","岳塘区","43","4303"
"430321","湘潭县","43","4303"
"430501","市辖区","43","4305"
"410783","长垣市","41","4107"
"411481","永城市","41","4114"
"411327","社旗县","41","4113"
"411328","唐河县","41","4113"
"430281","醴陵市","43","4302"
"430423","衡山县","43","4304"
"430424","衡东县","43","4304"
"411524","商城县","41","4115"
"430371","湖南湘潭高新技术产业园区","43","4303"
"430372","湘潭昭山示范区","43","4303"
"430502","双清区","43","4305"
"430701","市辖区","43","4307"
"411329","新野县","41","4113"
"411330","桐柏县","41","4113"
"430426","祁东县","43","4304"
"430473","湖南衡阳松木经济开发区","43","4304"
"411525","固始县","41","4115"
"411526","潢川县","41","4115"
"430373","湘潭九华示范区","43","4303"
"430381","湘乡市","43","4303"
"430503","大祥区","43","4305"
"430511","北塔区","43","4305"
"430702","武陵区","43","4307"
"430703","鼎城区","43","4307"
"430901","市辖区","43","4309"
"430902","资阳区","43","4309"
"430601","市辖区","43","4306"
"430602","岳阳楼区","43","4306"
"430801","市辖区","43","4308"
"430802","永定区","43","4308"
"411371","南阳高新技术产业开发区","41","4113"
"411372","南阳市城乡一体化示范区","41","4113"
"430476","湖南衡阳高新技术产业园区","43","4304"
"430481","耒阳市","43","4304"
"411527","淮滨县","41","4115"
"411528","息县","41","4115"
"430382","韶山市","43","4303"
"430522","新邵县","43","4305"
"430523","邵阳县","43","4305"
"430721","安乡县","43","4307"
"430722","汉寿县","43","4307"
"430903","赫山区","43","4309"
"430921","南县","43","4309"
"430603","云溪区","43","4306"
"430611","君山区","43","4306"
"430811","武陵源区","43","4308"
"430821","慈利县","43","4308"
"431001","市辖区","43","4310"
"431002","北湖区","43","4310"
"411381","邓州市","41","4113"
"430482","常宁市","43","4304"
"411571","信阳高新技术产业开发区","41","4115"
"430524","隆回县","43","4305"
"430525","洞口县","43","4305"
"430723","澧县","43","4307"
"430922","桃江县","43","4309"
"430923","安化县","43","4309"
"430621","岳阳县","43","4306"
"430623","华容县","43","4306"
"430822","桑植县","43","4308"
"431003","苏仙区","43","4310"
"431021","桂阳县","43","4310"
"430527","绥宁县","43","4305"
"430528","新宁县","43","4305"
"430724","临澧县","43","4307"
"430725","桃源县","43","4307"
"430971","益阳市大通湖管理区","43","4309"
"430972","湖南益阳高新技术产业园区","43","4309"
"430624","湘阴县","43","4306"
"430626","平江县","43","4306"
"431022","宜章县","43","4310"
"431023","永兴县","43","4310"
"430529","城步苗族自治县","43","4305"
"430581","武冈市","43","4305"
"430726","石门县","43","4307"
"430771","常德市西洞庭管理区","43","4307"
"430981","沅江市","43","4309"
"430671","岳阳市屈原管理区","43","4306"
"430681","汨罗市","43","4306"
"431024","嘉禾县","43","4310"
"431025","临武县","43","4310"
"430582","邵东市","43","4305"
"430781","津市市","43","4307"
"430682","临湘市","43","4306"
"431026","汝城县","43","4310"
"431027","桂东县","43","4310"
"431028","安仁县","43","4310"
"431081","资兴市","43","4310"
"431201","市辖区","43","4312"
"431202","鹤城区","43","4312"
"433101","吉首市","43","4331"
"431221","中方县","43","4312"
"431222","沅陵县","43","4312"
"433122","泸溪县","43","4331"
"433123","凤凰县","43","4331"
"431101","市辖区","43","4311"
"431102","零陵区","43","4311"
"431223","辰溪县","43","4312"
"431224","溆浦县","43","4312"
"433124","花垣县","43","4331"
"433125","保靖县","43","4331"
"431103","冷水滩区","43","4311"
"431122","东安县","43","4311"
"431225","会同县","43","4312"
"431226","麻阳苗族自治县","43","4312"
"433126","古丈县","43","4331"
"433127","永顺县","43","4331"
"431123","双牌县","43","4311"
"431124","道县","43","4311"
"431227","新晃侗族自治县","43","4312"
"431228","芷江侗族自治县","43","4312"
"433130","龙山县","43","4331"
"431125","江永县","43","4311"
"431126","宁远县","43","4311"
"431301","市辖区","43","4313"
"431302","娄星区","43","4313"
"420101","市辖区","42","4201"
"431229","靖州苗族侗族自治县","43","4312"
"431127","蓝山县","43","4311"
"431321","双峰县","43","4313"
"431322","新化县","43","4313"
"420102","江岸区","42","4201"
"420103","江汉区","42","4201"
"420201","市辖区","42","4202"
"420202","黄石港区","42","4202"
"431230","通道侗族自治县","43","4312"
"431271","怀化市洪江管理区","43","4312"
"431128","新田县","43","4311"
"431129","江华瑶族自治县","43","4311"
"431381","冷水江市","43","4313"
"431382","涟源市","43","4313"
"420104","硚口区","42","4201"
"420105","汉阳区","42","4201"
"420203","西塞山区","42","4202"
"420204","下陆区","42","4202"
"431281","洪江市","43","4312"
"431171","永州经济技术开发区","43","4311"
"420106","武昌区","42","4201"
"420107","青山区","42","4201"
"420205","铁山区","42","4202"
"420222","阳新县","42","4202"
"431173","永州市回龙圩管理区","43","4311"
"420111","洪山区","42","4201"
"420112","东西湖区","42","4201"
"420281","大冶市","42","4202"
"431181","祁阳市","43","4311"
"420113","汉南区","42","4201"
"420114","蔡甸区","42","4201"
"420115","江夏区","42","4201"
"420116","黄陂区","42","4201"
"420701","市辖区","42","4207"
"420702","梁子湖区","42","4207"
"420301","市辖区","42","4203"
"420302","茅箭区","42","4203"
"420117","新洲区","42","4201"
"420703","华容区","42","4207"
"420704","鄂城区","42","4207"
"420303","张湾区","42","4203"
"420304","郧阳区","42","4203"
"420801","市辖区","42","4208"
"420802","东宝区","42","4208"
"421001","市辖区","42","4210"
"421002","沙市区","42","4210"
"420901","市辖区","42","4209"
"420322","郧西县","42","4203"
"420323","竹山县","42","4203"
"420804","掇刀区","42","4208"
"420822","沙洋县","42","4208"
"421003","荆州区","42","4210"
"421022","公安县","42","4210"
"420902","孝南区","42","4209"
"420921","孝昌县","42","4209"
"420324","竹溪县","42","4203"
"420325","房县","42","4203"
"420881","钟祥市","42","4208"
"420882","京山市","42","4208"
"421024","江陵县","42","4210"
"421071","荆州经济技术开发区","42","4210"
"420922","大悟县","42","4209"
"420923","云梦县","42","4209"
"420381","丹江口市","42","4203"
"421081","石首市","42","4210"
"421083","洪湖市","42","4210"
"420981","应城市","42","4209"
"420982","安陆市","42","4209"
"421101","市辖区","42","4211"
"421102","黄州区","42","4211"
"421087","松滋市","42","4210"
"421088","监利市","42","4210"
"420984","汉川市","42","4209"
"421121","团风县","42","4211"
"421122","红安县","42","4211"
"421123","罗田县","42","4211"
"421124","英山县","42","4211"
"421125","浠水县","42","4211"
"420601","市辖区","42","4206"
"420602","襄城区","42","4206"
"420501","市辖区","42","4205"
"420502","西陵区","42","4205"
"421126","蕲春县","42","4211"
"420606","樊城区","42","4206"
"420607","襄州区","42","4206"
"420503","伍家岗区","42","4205"
"420504","点军区","42","4205"
"421127","黄梅县","42","4211"
"421171","龙感湖管理区","42","4211"
"420624","南漳县","42","4206"
"420625","谷城县","42","4206"
"420505","猇亭区","42","4205"
"420506","夷陵区","42","4205"
"422801","恩施市","42","4228"
"422802","利川市","42","4228"
"440101","市辖区","44","4401"
"440103","荔湾区","44","4401"
"421201","市辖区","42","4212"
"421202","咸安区","42","4212"
"421181","麻城市","42","4211"
"421182","武穴市","42","4211"
"420626","保康县","42","4206"
"420682","老河口市","42","4206"
"420525","远安县","42","4205"
"420526","兴山县","42","4205"
"422822","建始县","42","4228"
"422823","巴东县","42","4228"
"440104","越秀区","44","4401"
"440105","海珠区","44","4401"
"421221","嘉鱼县","42","4212"
"421222","通城县","42","4212"
"420683","枣阳市","42","4206"
"420684","宜城市","42","4206"
"420527","秭归县","42","4205"
"420528","长阳土家族自治县","42","4205"
"422825","宣恩县","42","4228"
"422826","咸丰县","42","4228"
"440106","天河区","44","4401"
"440111","白云区","44","4401"
"421223","崇阳县","42","4212"
"421224","通山县","42","4212"
"421301","市辖区","42","4213"
"421303","曾都区","42","4213"
"429004","仙桃市","42","4290"
"429005","潜江市","42","4290"
"420529","五峰土家族自治县","42","4205"
"420581","宜都市","42","4205"
"422827","来凤县","42","4228"
"422828","鹤峰县","42","4228"
"440112","黄埔区","44","4401"
"440113","番禺区","44","4401"
"421281","赤壁市","42","4212"
"421321","随县","42","4213"
"421381","广水市","42","4213"
"429006","天门市","42","4290"
"429021","神农架林区","42","4290"
"420582","当阳市","42","4205"
"420583","枝江市","42","4205"
"440114","花都区","44","4401"
"440115","南沙区","44","4401"
"440117","从化区","44","4401"
"440118","增城区","44","4401"
"440201","市辖区","44","4402"
"440203","武江区","44","4402"
"440401","市辖区","44","4404"
"440402","香洲区","44","4404"
"460101","市辖区","46","4601"
"460105","秀英区","46","4601"
"460201","市辖区","46","4602"
"460202","海棠区","46","4602"
"460321","西沙群岛","46","4603"
"460322","南沙群岛","46","4603"
"440204","浈江区","44","4402"
"440205","曲江区","44","4402"
"440403","斗门区","44","4404"
"440404","金湾区","44","4404"
"460106","龙华区","46","4601"
"460107","琼山区","46","4601"
"460108","美兰区","46","4601"
"460203","吉阳区","46","4602"
"460204","天涯区","46","4602"
"460323","中沙群岛的岛礁及其海域","46","4603"
"440222","始兴县","44","4402"
"440224","仁化县","44","4402"
"460205","崖州区","46","4602"
"440229","翁源县","44","4402"
"440232","乳源瑶族自治县","44","4402"
"440301","市辖区","44","4403"
"440233","新丰县","44","4402"
"440303","罗湖区","44","4403"
"440304","福田区","44","4403"
"440281","乐昌市","44","4402"
"440282","南雄市","44","4402"
"440305","南山区","44","4403"
"440306","宝安区","44","4403"
"440307","龙岗区","44","4403"
"510401","市辖区","51","5104"
"510402","东区","51","5104"
"440308","盐田区","44","4403"
"510403","西区","51","5104"
"510411","仁和区","51","5104"
"440309","龙华区","44","4403"
"510421","米易县","51","5104"
"510422","盐边县","51","5104"
"440310","坪山区","44","4403"
"440311","光明区","44","4403"
"510801","市辖区","51","5108"
"510802","利州区","51","5108"
"510601","市辖区","51","5106"
"510603","旌阳区","51","5106"
"510501","市辖区","51","5105"
"510502","江阳区","51","5105"
"510301","市辖区","51","5103"
"510811","昭化区","51","5108"
"510812","朝天区","51","5108"
"510604","罗江区","51","5106"
"510623","中江县","51","5106"
"510503","纳溪区","51","5105"
"510504","龙马潭区","51","5105"
"510302","自流井区","51","5103"
"510303","贡井区","51","5103"
"510821","旺苍县","51","5108"
"510681","广汉市","51","5106"
"510682","什邡市","51","5106"
"510521","泸县","51","5105"
"510522","合江县","51","5105"
"510304","大安区","51","5103"
"510311","沿滩区","51","5103"
"510822","青川县","51","5108"
"510823","剑阁县","51","5108"
"510683","绵竹市","51","5106"
"510524","叙永县","51","5105"
"510525","古蔺县","51","5105"
"510321","荣县","51","5103"
"510322","富顺县","51","5103"
"469001","五指山市","46","4690"
"469002","琼海市","46","4690"
"510101","市辖区","51","5101"
"510104","锦江区","51","5101"
"510824","苍溪县","51","5108"
"469005","文昌市","46","4690"
"469006","万宁市","46","4690"
"510105","青羊区","51","5101"
"510106","金牛区","51","5101"
"469007","东方市","46","4690"
"469021","定安县","46","4690"
"510107","武侯区","51","5101"
"510108","成华区","51","5101"
"511101","市辖区","51","5111"
"511102","市中区","51","5111"
"511301","市辖区","51","5113"
"511302","顺庆区","51","5113"
"510701","市辖区","51","5107"
"510703","涪城区","51","5107"
"469022","屯昌县","46","4690"
"469023","澄迈县","46","4690"
"510112","龙泉驿区","51","5101"
"511111","沙湾区","51","5111"
"511112","五通桥区","51","5111"
"511303","高坪区","51","5113"
"511304","嘉陵区","51","5113"
"510704","游仙区","51","5107"
"510705","安州区","51","5107"
"511401","市辖区","51","5114"
"511402","东坡区","51","5114"
"510901","市辖区","51","5109"
"510903","船山区","51","5109"
"511001","市辖区","51","5110"
"511002","市中区","51","5110"
"469024","临高县","46","4690"
"469025","白沙黎族自治县","46","4690"
"510113","青白江区","51","5101"
"510114","新都区","51","5101"
"511113","金口河区","51","5111"
"511123","犍为县","51","5111"
"511321","南部县","51","5113"
"511322","营山县","51","5113"
"510722","三台县","51","5107"
"510723","盐亭县","51","5107"
"511403","彭山区","51","5114"
"511421","仁寿县","51","5114"
"510904","安居区","51","5109"
"510921","蓬溪县","51","5109"
"511011","东兴区","51","5110"
"511024","威远县","51","5110"
"469026","昌江黎族自治县","46","4690"
"510115","温江区","51","5101"
"510116","双流区","51","5101"
"511124","井研县","51","5111"
"511126","夹江县","51","5111"
"511323","蓬安县","51","5113"
"511324","仪陇县","51","5113"
"510725","梓潼县","51","5107"
"510726","北川羌族自治县","51","5107"
"511423","洪雅县","51","5114"
"511424","丹棱县","51","5114"
"510923","大英县","51","5109"
"510981","射洪市","51","5109"
"511025","资中县","51","5110"
"511083","隆昌市","51","5110"
"511501","市辖区","51","5115"
"511502","翠屏区","51","5115"
"469027","乐东黎族自治县","46","4690"
"469028","陵水黎族自治县","46","4690"
"510117","郫都区","51","5101"
"510118","新津区","51","5101"
"511129","沐川县","51","5111"
"511325","西充县","51","5113"
"511381","阆中市","51","5113"
"510727","平武县","51","5107"
"510781","江油市","51","5107"
"511425","青神县","51","5114"
"511503","南溪区","51","5115"
"511504","叙州区","51","5115"
"450201","市辖区","45","4502"
"450202","城中区","45","4502"
"511601","市辖区","51","5116"
"511602","广安区","51","5116"
"469029","保亭黎族苗族自治县","46","4690"
"469030","琼中黎族苗族自治县","46","4690"
"510121","金堂县","51","5101"
"510129","大邑县","51","5101"
"511132","峨边彝族自治县","51","5111"
"511133","马边彝族自治县","51","5111"
"511523","江安县","51","5115"
"511524","长宁县","51","5115"
"450203","鱼峰区","45","4502"
"450204","柳南区","45","4502"
"511603","前锋区","51","5116"
"511621","岳池县","51","5116"
"450101","市辖区","45","4501"
"450102","兴宁区","45","4501"
"510131","蒲江县","51","5101"
"510181","都江堰市","51","5101"
"511181","峨眉山市","51","5111"
"511525","高县","51","5115"
"511526","珙县","51","5115"
"450205","柳北区","45","4502"
"450206","柳江区","45","4502"
"450222","柳城县","45","4502"
"511622","武胜县","51","5116"
"511623","邻水县","51","5116"
"450103","青秀区","45","4501"
"450105","江南区","45","4501"
"510182","彭州市","51","5101"
"510183","邛崃市","51","5101"
"511527","筠连县","51","5115"
"511528","兴文县","51","5115"
"450223","鹿寨县","45","4502"
"450224","融安县","45","4502"
"511681","华蓥市","51","5116"
"450107","西乡塘区","45","4501"
"450108","良庆区","45","4501"
"450301","市辖区","45","4503"
"450302","秀峰区","45","4503"
"450401","市辖区","45","4504"
"450403","万秀区","45","4504"
"450405","长洲区","45","4504"
"510184","崇州市","51","5101"
"510185","简阳市","51","5101"
"511529","屏山县","51","5115"
"450225","融水苗族自治县","45","4502"
"450226","三江侗族自治县","45","4502"
"450109","邕宁区","45","4501"
"450110","武鸣区","45","4501"
"450303","叠彩区","45","4503"
"450304","象山区","45","4503"
"450406","龙圩区","45","4504"
"450421","苍梧县","45","4504"
"450123","隆安县","45","4501"
"450124","马山县","45","4501"
"450305","七星区","45","4503"
"450311","雁山区","45","4503"
"450422","藤县","45","4504"
"450423","蒙山县","45","4504"
"350401","市辖区","35","3504"
"350404","三元区","35","3504"
"350701","市辖区","35","3507"
"350702","延平区","35","3507"
"450125","上林县","45","4501"
"450126","宾阳县","45","4501"
"450312","临桂区","45","4503"
"450321","阳朔县","45","4503"
"450481","岑溪市","45","4504"
"350405","沙县区","35","3504"
"350421","明溪县","35","3504"
"350703","建阳区","35","3507"
"350721","顺昌县","35","3507"
"350601","市辖区","35","3506"
"350602","芗城区","35","3506"
"450181","横州市","45","4501"
"450323","灵川县","45","4503"
"450324","全州县","45","4503"
"350423","清流县","35","3504"
"350424","宁化县","35","3504"
"350722","浦城县","35","3507"
"350723","光泽县","35","3507"
"350603","龙文区","35","3506"
"350604","龙海区","35","3506"
"450325","兴安县","45","4503"
"450326","永福县","45","4503"
"350425","大田县","35","3504"
"350426","尤溪县","35","3504"
"350724","松溪县","35","3507"
"350725","政和县","35","3507"
"350605","长泰区","35","3506"
"350622","云霄县","35","3506"
"350801","市辖区","35","3508"
"350802","新罗区","35","3508"
"450327","灌阳县","45","4503"
"450328","龙胜各族自治县","45","4503"
"350428","将乐县","35","3504"
"350781","邵武市","35","3507"
"350782","武夷山市","35","3507"
"350623","漳浦县","35","3506"
"350624","诏安县","35","3506"
"350803","永定区","35","3508"
"350821","长汀县","35","3508"
"350501","市辖区","35","3505"
"350502","鲤城区","35","3505"
"450329","资源县","45","4503"
"450330","平乐县","45","4503"
"350429","泰宁县","35","3504"
"350430","建宁县","35","3504"
"350783","建瓯市","35","3507"
"350626","东山县","35","3506"
"350627","南靖县","35","3506"
"350823","上杭县","35","3508"
"350503","丰泽区","35","3505"
"350504","洛江区","35","3505"
"450332","恭城瑶族自治县","45","4503"
"450381","荔浦市","45","4503"
"350481","永安市","35","3504"
"350628","平和县","35","3506"
"350629","华安县","35","3506"
"350824","武平县","35","3508"
"350825","连城县","35","3508"
"350505","泉港区","35","3505"
"350521","惠安县","35","3505"
"350901","市辖区","35","3509"
"350902","蕉城区","35","3509"
"371701","市辖区","37","3717"
"371702","牡丹区","37","3717"
"350881","漳平市","35","3508"
"350524","安溪县","35","3505"
"350525","永春县","35","3505"
"350921","霞浦县","35","3509"
"350922","古田县","35","3509"
"371703","定陶区","37","3717"
"371721","曹县","37","3717"
"371601","市辖区","37","3716"
"371602","滨城区","37","3716"
"350526","德化县","35","3505"
"350527","金门县","35","3505"
"350923","屏南县","35","3509"
"350924","寿宁县","35","3509"
"371722","单县","37","3717"
"371723","成武县","37","3717"
"371603","沾化区","37","3716"
"371621","惠民县","37","3716"
"411601","市辖区","41","4116"
"411602","川汇区","41","4116"
"350581","石狮市","35","3505"
"350582","晋江市","35","3505"
"350925","周宁县","35","3509"
"350926","柘荣县","35","3509"
"371724","巨野县","37","3717"
"371725","郓城县","37","3717"
"371622","阳信县","37","3716"
"371623","无棣县","37","3716"
"411603","淮阳区","41","4116"
"411621","扶沟县","41","4116"
"411701","市辖区","41","4117"
"411702","驿城区","41","4117"
"419001","济源市","41","4190"
"350583","南安市","35","3505"
"350981","福安市","35","3509"
"371726","鄄城县","37","3717"
"371728","东明县","37","3717"
"371625","博兴县","37","3716"
"371681","邹平市","37","3716"
"411622","西华县","41","4116"
"411623","商水县","41","4116"
"411721","西平县","41","4117"
"411722","上蔡县","41","4117"
"350982","福鼎市","35","3509"
"371771","菏泽经济技术开发区","37","3717"
"371772","菏泽高新技术开发区","37","3717"
"411624","沈丘县","41","4116"
"411625","郸城县","41","4116"
"411723","平舆县","41","4117"
"440701","市辖区","44","4407"
"440703","蓬江区","44","4407"
"440501","市辖区","44","4405"
"411627","太康县","41","4116"
"411628","鹿邑县","41","4116"
"411724","正阳县","41","4117"
"411725","确山县","41","4117"
"440704","江海区","44","4407"
"440705","新会区","44","4407"
"440507","龙湖区","44","4405"
"440511","金平区","44","4405"
"440801","市辖区","44","4408"
"350301","市辖区","35","3503"
"350302","城厢区","35","3503"
"411671","周口临港开发区","41","4116"
"411681","项城市","41","4116"
"411726","泌阳县","41","4117"
"411727","汝南县","41","4117"
"440781","台山市","44","4407"
"440783","开平市","44","4407"
"440512","濠江区","44","4405"
"440513","潮阳区","44","4405"
"440802","赤坎区","44","4408"
"440803","霞山区","44","4408"
"350303","涵江区","35","3503"
"350304","荔城区","35","3503"
"411728","遂平县","41","4117"
"411729","新蔡县","41","4117"
"440784","鹤山市","44","4407"
"440785","恩平市","44","4407"
"440514","潮南区","44","4405"
"440515","澄海区","44","4405"
"440804","坡头区","44","4408"
"440811","麻章区","44","4408"
"350305","秀屿区","35","3503"
"350322","仙游县","35","3503"
"440901","市辖区","44","4409"
"440902","茂南区","44","4409"
"440601","市辖区","44","4406"
"440604","禅城区","44","4406"
"411771","河南驻马店经济开发区","41","4117"
"440523","南澳县","44","4405"
"440823","遂溪县","44","4408"
"440825","徐闻县","44","4408"
"440904","电白区","44","4409"
"440981","高州市","44","4409"
"440605","南海区","44","4406"
"440606","顺德区","44","4406"
"441301","市辖区","44","4413"
"441302","惠城区","44","4413"
"441201","市辖区","44","4412"
"441202","端州区","44","4412"
"441401","市辖区","44","4414"
"441402","梅江区","44","4414"
"440881","廉江市","44","4408"
"440882","雷州市","44","4408"
"440982","化州市","44","4409"
"440983","信宜市","44","4409"
"440607","三水区","44","4406"
"440608","高明区","44","4406"
"441303","惠阳区","44","4413"
"441203","鼎湖区","44","4412"
"441204","高要区","44","4412"
"441403","梅县区","44","4414"
"441422","大埔县","44","4414"
"440883","吴川市","44","4408"
"441322","博罗县","44","4413"
"441323","惠东县","44","4413"
"441223","广宁县","44","4412"
"441224","怀集县","44","4412"
"441423","丰顺县","44","4414"
"441424","五华县","44","4414"
"441324","龙门县","44","4413"
"441225","封开县","44","4412"
"441226","德庆县","44","4412"
"441426","平远县","44","4414"
"441427","蕉岭县","44","4414"
"441501","市辖区","44","4415"
"441502","城区","44","4415"
"441284","四会市","44","4412"
"441481","兴宁市","44","4414"
"441521","海丰县","44","4415"
"441523","陆河县","44","4415"
"441581","陆丰市","44","4415"
"441601","市辖区","44","4416"
"441602","源城区","44","4416"
"441621","紫金县","44","4416"
"441622","龙川县","44","4416"
"441623","连平县","44","4416"
"441624","和平县","44","4416"
"441701","市辖区","44","4417"
"441702","江城区","44","4417"
"441801","市辖区","44","4418"
"441802","清城区","44","4418"
"441625","东源县","44","4416"
"441704","阳东区","44","4417"
"441721","阳西县","44","4417"
"441803","清新区","44","4418"
"441821","佛冈县","44","4418"
"441781","阳春市","44","4417"
"441823","阳山县","44","4418"
"441825","连山壮族瑶族自治县","44","4418"
"441826","连南瑶族自治县","44","4418"
"441881","英德市","44","4418"
"445101","市辖区","44","4451"
"445102","湘桥区","44","4451"
"441882","连州市","44","4418"
"445103","潮安区","44","4451"
"445122","饶平县","44","4451"
"513301","康定市","51","5133"
"513322","泸定县","51","5133"
"513323","丹巴县","51","5133"
"513324","九龙县","51","5133"
"513325","雅江县","51","5133"
"513326","道孚县","51","5133"
"513327","炉霍县","51","5133"
"513328","甘孜县","51","5133"
"511701","市辖区","51","5117"
"511702","通川区","51","5117"
"513329","新龙县","51","5133"
"513330","德格县","51","5133"
"511703","达川区","51","5117"
"511722","宣汉县","51","5117"
"513331","白玉县","51","5133"
"513332","石渠县","51","5133"
"511723","开江县","51","5117"
"511724","大竹县","51","5117"
"513401","西昌市","51","5134"
"513402","会理市","51","5134"
"513333","色达县","51","5133"
"511725","渠县","51","5117"
"511781","万源市","51","5117"
"513422","木里藏族自治县","51","5134"
"513423","盐源县","51","5134"
"511901","市辖区","51","5119"
"511902","巴州区","51","5119"
"511801","市辖区","51","5118"
"513334","理塘县","51","5133"
"513335","巴塘县","51","5133"
"513424","德昌县","51","5134"
"513426","会东县","51","5134"
"511903","恩阳区","51","5119"
"511802","雨城区","51","5118"
"511803","名山区","51","5118"
"512001","市辖区","51","5120"
"512002","雁江区","51","5120"
"513336","乡城县","51","5133"
"513337","稻城县","51","5133"
"513427","宁南县","51","5134"
"513428","普格县","51","5134"
"511921","通江县","51","5119"
"511922","南江县","51","5119"
"511822","荥经县","51","5118"
"511823","汉源县","51","5118"
"512021","安岳县","51","5120"
"512022","乐至县","51","5120"
"513201","马尔康市","51","5132"
"513221","汶川县","51","5132"
"513338","得荣县","51","5133"
"513429","布拖县","51","5134"
"511923","平昌县","51","5119"
"511824","石棉县","51","5118"
"511825","天全县","51","5118"
"513222","理县","51","5132"
"513430","金阳县","51","5134"
"513431","昭觉县","51","5134"
"511826","芦山县","51","5118"
"511827","宝兴县","51","5118"
"513223","茂县","51","5132"
"513224","松潘县","51","5132"
"513432","喜德县","51","5134"
"513225","九寨沟县","51","5132"
"513226","金川县","51","5132"
"450801","市辖区","45","4508"
"450701","市辖区","45","4507"
"450702","钦南区","45","4507"
"513433","冕宁县","51","5134"
"513434","越西县","51","5134"
"513227","小金县","51","5132"
"513228","黑水县","51","5132"
"450802","港北区","45","4508"
"450803","港南区","45","4508"
"450703","钦北区","45","4507"
"450721","灵山县","45","4507"
"450901","市辖区","45","4509"
"450902","玉州区","45","4509"
"451001","市辖区","45","4510"
"513435","甘洛县","51","5134"
"513436","美姑县","51","5134"
"513230","壤塘县","51","5132"
"513231","阿坝县","51","5132"
"450804","覃塘区","45","4508"
"450821","平南县","45","4508"
"450722","浦北县","45","4507"
"450903","福绵区","45","4509"
"451002","右江区","45","4510"
"451003","田阳区","45","4510"
"450601","市辖区","45","4506"
"450602","港口区","45","4506"
"450501","市辖区","45","4505"
"450502","海城区","45","4505"
"513437","雷波县","51","5134"
"513232","若尔盖县","51","5132"
"513233","红原县","51","5132"
"450881","桂平市","45","4508"
"450921","容县","45","4509"
"450922","陆川县","45","4509"
"451022","田东县","45","4510"
"451024","德保县","45","4510"
"450603","防城区","45","4506"
"450621","上思县","45","4506"
"450503","银海区","45","4505"
"450512","铁山港区","45","4505"
"451101","市辖区","45","4511"
"451102","八步区","45","4511"
"450923","博白县","45","4509"
"450924","兴业县","45","4509"
"451026","那坡县","45","4510"
"451027","凌云县","45","4510"
"450681","东兴市","45","4506"
"450521","合浦县","45","4505"
"451103","平桂区","45","4511"
"451121","昭平县","45","4511"
"450981","北流市","45","4509"
"451028","乐业县","45","4510"
"451029","田林县","45","4510"
"451122","钟山县","45","4511"
"451123","富川瑶族自治县","45","4511"
"451201","市辖区","45","4512"
"451202","金城江区","45","4512"
"451030","西林县","45","4510"
"451031","隆林各族自治县","45","4510"
"451203","宜州区","45","4512"
"451221","南丹县","45","4512"
"520201","钟山区","52","5202"
"520203","六枝特区","52","5202"
"451401","市辖区","45","4514"
"451402","江州区","45","4514"
"451081","靖西市","45","4510"
"451082","平果市","45","4510"
"451222","天峨县","45","4512"
"451223","凤山县","45","4512"
"520204","水城区","52","5202"
"520281","盘州市","52","5202"
"451421","扶绥县","45","4514"
"451422","宁明县","45","4514"
"451224","东兰县","45","4512"
"451225","罗城仫佬族自治县","45","4512"
"451423","龙州县","45","4514"
"451424","大新县","45","4514"
"520401","市辖区","52","5204"
"520402","西秀区","52","5204"
"451301","市辖区","45","4513"
"451302","兴宾区","45","4513"
"520301","市辖区","52","5203"
"520302","红花岗区","52","5203"
"520101","市辖区","52","5201"
"520102","南明区","52","5201"
"451226","环江毛南族自治县","45","4512"
"451227","巴马瑶族自治县","45","4512"
"451425","天等县","45","4514"
"451481","凭祥市","45","4514"
"520403","平坝区","52","5204"
"520422","普定县","52","5204"
"451321","忻城县","45","4513"
"520303","汇川区","52","5203"
"520304","播州区","52","5203"
"520103","云岩区","52","5201"
"520111","花溪区","52","5201"
"451228","都安瑶族自治县","45","4512"
"451229","大化瑶族自治县","45","4512"
"520423","镇宁布依族苗族自治县","52","5204"
"520424","关岭布依族苗族自治县","52","5204"
"451322","象州县","45","4513"
"451323","武宣县","45","4513"
"520322","桐梓县","52","5203"
"520323","绥阳县","52","5203"
"520112","乌当区","52","5201"
"520501","市辖区","52","5205"
"520425","紫云苗族布依族自治县","52","5204"
"451324","金秀瑶族自治县","45","4513"
"451381","合山市","45","4513"
"520324","正安县","52","5203"
"520325","道真仡佬族苗族自治县","52","5203"
"520113","白云区","52","5201"
"520115","观山湖区","52","5201"
"520502","七星关区","52","5205"
"520521","大方县","52","5205"
"520326","务川仡佬族苗族自治县","52","5203"
"520327","凤冈县","52","5203"
"520121","开阳县","52","5201"
"520122","息烽县","52","5201"
"520523","金沙县","52","5205"
"520524","织金县","52","5205"
"520328","湄潭县","52","5203"
"520123","修文县","52","5201"
"520181","清镇市","52","5201"
"520525","纳雍县","52","5205"
"520526","威宁彝族回族苗族自治县","52","5205"
"522601","凯里市","52","5226"
"522622","黄平县","52","5226"
"540101","市辖区","54","5401"
"540102","城关区","54","5401"
"520329","余庆县","52","5203"
"520330","习水县","52","5203"
"520527","赫章县","52","5205"
"522623","施秉县","52","5226"
"522624","三穗县","52","5226"
"540103","堆龙德庆区","54","5401"
"540104","达孜区","54","5401"
"522301","兴义市","52","5223"
"522302","兴仁市","52","5223"
"540402","巴宜区","54","5404"
"540421","工布江达县","54","5404"
"540302","卡若区","54","5403"
"540321","江达县","54","5403"
"540202","桑珠孜区","54","5402"
"540221","南木林县","54","5402"
"520381","赤水市","52","5203"
"520382","仁怀市","52","5203"
"520581","黔西市","52","5205"
"522625","镇远县","52","5226"
"522626","岑巩县","52","5226"
"540121","林周县","54","5401"
"540122","当雄县","54","5401"
"522323","普安县","52","5223"
"522324","晴隆县","52","5223"
"540423","墨脱县","54","5404"
"540424","波密县","54","5404"
"540322","贡觉县","54","5403"
"540323","类乌齐县","54","5403"
"540222","江孜县","54","5402"
"540223","定日县","54","5402"
"522627","天柱县","52","5226"
"522628","锦屏县","52","5226"
"540123","尼木县","54","5401"
"540124","曲水县","54","5401"
"522325","贞丰县","52","5223"
"522326","望谟县","52","5223"
"540425","察隅县","54","5404"
"540324","丁青县","54","5403"
"540325","察雅县","54","5403"
"540224","萨迦县","54","5402"
"540225","拉孜县","54","5402"
"522629","剑河县","52","5226"
"522630","台江县","52","5226"
"540127","墨竹工卡县","54","5401"
"540171","格尔木藏青工业园区","54","5401"
"522327","册亨县","52","5223"
"540426","朗县","54","5404"
"540481","米林市","54","5404"
"540326","八宿县","54","5403"
"540327","左贡县","54","5403"
"540226","昂仁县","54","5402"
"540227","谢通门县","54","5402"
"522631","黎平县","52","5226"
"522632","榕江县","52","5226"
"540172","拉萨经济技术开发区","54","5401"
"540173","西藏文化旅游创意园区","54","5401"
"522328","安龙县","52","5223"
"540328","芒康县","54","5403"
"540329","洛隆县","54","5403"
"540228","白朗县","54","5402"
"540229","仁布县","54","5402"
"520601","市辖区","52","5206"
"520602","碧江区","52","5206"
"630101","市辖区","63","6301"
"630102","城东区","63","6301"
"540602","色尼区","54","5406"
"540621","嘉黎县","54","5406"
"522701","都匀市","52","5227"
"522702","福泉市","52","5227"
"540501","市辖区","54","5405"
"540502","乃东区","54","5405"
"522633","从江县","52","5226"
"522634","雷山县","52","5226"
"540174","达孜工业园区","54","5401"
"540330","边坝县","54","5403"
"540230","康马县","54","5402"
"540231","定结县","54","5402"
"520603","万山区","52","5206"
"520621","江口县","52","5206"
"630103","城中区","63","6301"
"630104","城西区","63","6301"
"540622","比如县","54","5406"
"540623","聂荣县","54","5406"
"522722","荔波县","52","5227"
"522723","贵定县","52","5227"
"540521","扎囊县","54","5405"
"540522","贡嘎县","54","5405"
"522635","麻江县","52","5226"
"522636","丹寨县","52","5226"
"540232","仲巴县","54","5402"
"540233","亚东县","54","5402"
"520622","玉屏侗族自治县","52","5206"
"520623","石阡县","52","5206"
"630105","城北区","63","6301"
"630106","湟中区","63","6301"
"540624","安多县","54","5406"
"540625","申扎县","54","5406"
"522725","瓮安县","52","5227"
"522726","独山县","52","5227"
"540523","桑日县","54","5405"
"540524","琼结县","54","5405"
"542521","普兰县","54","5425"
"542522","札达县","54","5425"
"540234","吉隆县","54","5402"
"540235","聂拉木县","54","5402"
"520624","思南县","52","5206"
"520625","印江土家族苗族自治县","52","5206"
"630121","大通回族土族自治县","63","6301"
"630123","湟源县","63","6301"
"540626","索县","54","5406"
"540627","班戈县","54","5406"
"522727","平塘县","52","5227"
"522728","罗甸县","52","5227"
"540525","曲松县","54","5405"
"540526","措美县","54","5405"
"542523","噶尔县","54","5425"
"542524","日土县","54","5425"
"630202","乐都区","63","6302"
"630203","平安区","63","6302"
"540236","萨嘎县","54","5402"
"540237","岗巴县","54","5402"
"520626","德江县","52","5206"
"520627","沿河土家族自治县","52","5206"
"540628","巴青县","54","5406"
"540629","尼玛县","54","5406"
"522729","长顺县","52","5227"
"522730","龙里县","52","5227"
"540527","洛扎县","54","5405"
"540528","加查县","54","5405"
"542525","革吉县","54","5425"
"542526","改则县","54","5425"
"630222","民和回族土族自治县","63","6302"
"630223","互助土族自治县","63","6302"
"632221","门源回族自治县","63","6322"
"632701","玉树市","63","6327"
"520628","松桃苗族自治县","52","5206"
"540630","双湖县","54","5406"
"522731","惠水县","52","5227"
"522732","三都水族自治县","52","5227"
"540529","隆子县","54","5405"
"540531","浪卡子县","54","5405"
"542527","措勤县","54","5425"
"630224","化隆回族自治县","63","6302"
"630225","循化撒拉族自治县","63","6302"
"632222","祁连县","63","6322"
"632223","海晏县","63","6322"
"632722","杂多县","63","6327"
"632723","称多县","63","6327"
"632521","共和县","63","6325"
"632522","同德县","63","6325"
"540581","错那市","54","5405"
"632224","刚察县","63","6322"
"632724","治多县","63","6327"
"632725","囊谦县","63","6327"
"632523","贵德县","63","6325"
"632524","兴海县","63","6325"
"632621","玛沁县","63","6326"
"632622","班玛县","63","6326"
"632726","曲麻莱县","63","6327"
"632525","贵南县","63","6325"
"632623","甘德县","63","6326"
"632624","达日县","63","6326"
"632301","同仁市","63","6323"
"632322","尖扎县","63","6323"
"530101","市辖区","53","5301"
"530102","五华区","53","5301"
"632625","久治县","63","6326"
"632626","玛多县","63","6326"
"632323","泽库县","63","6323"
"632324","河南蒙古族自治县","63","6323"
"530103","盘龙区","53","5301"
"530111","官渡区","53","5301"
"530301","市辖区","53","5303"
"530302","麒麟区","53","5303"
"632801","格尔木市","63","6328"
"530112","西山区","53","5301"
"530113","东川区","53","5301"
"530303","沾益区","53","5303"
"530304","马龙区","53","5303"
"632802","德令哈市","63","6328"
"530114","呈贡区","53","5301"
"530115","晋宁区","53","5301"
"530322","陆良县","53","5303"
"530323","师宗县","53","5303"
"632803","茫崖市","63","6328"
"632821","乌兰县","63","6328"
"530124","富民县","53","5301"
"530125","宜良县","53","5301"
"530324","罗平县","53","5303"
"632822","都兰县","63","6328"
"632823","天峻县","63","6328"
"530126","石林彝族自治县","53","5301"
"530127","嵩明县","53","5301"
"530325","富源县","53","5303"
"530326","会泽县","53","5303"
"530381","宣威市","53","5303"
"632857","大柴旦行政委员会","63","6328"
"530401","市辖区","53","5304"
"530402","红塔区","53","5304"
"530601","市辖区","53","5306"
"530602","昭阳区","53","5306"
"530128","禄劝彝族苗族自治县","53","5301"
"530403","江川区","53","5304"
"530423","通海县","53","5304"
"530621","鲁甸县","53","5306"
"530622","巧家县","53","5306"
"530129","寻甸回族彝族自治县","53","5301"
"530181","安宁市","53","5301"
"530424","华宁县","53","5304"
"530425","易门县","53","5304"
"530623","盐津县","53","5306"
"530624","大关县","53","5306"
"530426","峨山彝族自治县","53","5304"
"530427","新平彝族傣族自治县","53","5304"
"530625","永善县","53","5306"
"530626","绥江县","53","5306"
"530501","市辖区","53","5305"
"530502","隆阳区","53","5305"
"530428","元江哈尼族彝族傣族自治县","53","5304"
"530627","镇雄县","53","5306"
"530628","彝良县","53","5306"
"530521","施甸县","53","5305"
"530523","龙陵县","53","5305"
"530481","澄江市","53","5304"
"530629","威信县","53","5306"
"530681","水富市","53","5306"
"530524","昌宁县","53","5305"
"530581","腾冲市","53","5305"
"530701","市辖区","53","5307"
"530702","古城区","53","5307"
"530721","玉龙纳西族自治县","53","5307"
"530722","永胜县","53","5307"
"530723","华坪县","53","5307"
"530724","宁蒗彝族自治县","53","5307"
"532301","楚雄市","53","5323"
"532302","禄丰市","53","5323"
"532322","双柏县","53","5323"
"532323","牟定县","53","5323"
"532324","南华县","53","5323"
"532325","姚安县","53","5323"
"532601","文山市","53","5326"
"532622","砚山县","53","5326"
"532326","大姚县","53","5323"
"532623","西畴县","53","5326"
"532624","麻栗坡县","53","5326"
"532327","永仁县","53","5323"
"532625","马关县","53","5326"
"532626","丘北县","53","5326"
"532328","元谋县","53","5323"
"532627","广南县","53","5326"
"532628","富宁县","53","5326"
"532801","景洪市","53","5328"
"532822","勐海县","53","5328"
"530801","市辖区","53","5308"
"530802","思茅区","53","5308"
"530901","市辖区","53","5309"
"532501","个旧市","53","5325"
"532502","开远市","53","5325"
"532329","武定县","53","5323"
"532823","勐腊县","53","5328"
"530821","宁洱哈尼族彝族自治县","53","5308"
"530902","临翔区","53","5309"
"530921","凤庆县","53","5309"
"532503","蒙自市","53","5325"
"530822","墨江哈尼族自治县","53","5308"
"530922","云县","53","5309"
"530923","永德县","53","5309"
"532504","弥勒市","53","5325"
"532523","屏边苗族自治县","53","5325"
"530823","景东彝族自治县","53","5308"
"530824","景谷傣族彝族自治县","53","5308"
"530924","镇康县","53","5309"
"530925","双江拉祜族佤族布朗族傣族自治县","53","5309"
"532524","建水县","53","5325"
"532525","石屏县","53","5325"
"530825","镇沅彝族哈尼族拉祜族自治县","53","5308"
"530826","江城哈尼族彝族自治县","53","5308"
"530926","耿马傣族佤族自治县","53","5309"
"530927","沧源佤族自治县","53","5309"
"532527","泸西县","53","5325"
"532528","元阳县","53","5325"
"530827","孟连傣族拉祜族佤族自治县","53","5308"
"530828","澜沧拉祜族自治县","53","5308"
"532529","红河县","53","5325"
"532530","金平苗族瑶族傣族自治县","53","5325"
"530829","西盟佤族自治县","53","5308"
"532531","绿春县","53","5325"
"532532","河口瑶族自治县","53","5325"
"533401","香格里拉市","53","5334"
"445301","市辖区","44","4453"
"533102","瑞丽市","53","5331"
"533103","芒市","53","5331"
"620201","市辖区","62","6202"
"533422","德钦县","53","5334"
"533423","维西傈僳族自治县","53","5334"
"445302","云城区","44","4453"
"445303","云安区","44","4453"
"533122","梁河县","53","5331"
"533123","盈江县","53","5331"
"445321","新兴县","44","4453"
"445322","郁南县","44","4453"
"533124","陇川县","53","5331"
"445381","罗定市","44","4453"
"620101","市辖区","62","6201"
"620102","城关区","62","6201"
"620103","七里河区","62","6201"
"620104","西固区","62","6201"
"620105","安宁区","62","6201"
"620111","红古区","62","6201"
"620121","永登县","62","6201"
"620122","皋兰县","62","6201"
"620123","榆中县","62","6201"
"620171","兰州新区","62","6201"
"533301","泸水市","53","5333"
"533323","福贡县","53","5333"
"532901","大理市","53","5329"
"445201","市辖区","44","4452"
"445202","榕城区","44","4452"
"533324","贡山独龙族怒族自治县","53","5333"
"533325","兰坪白族普米族自治县","53","5333"
"532922","漾濞彝族自治县","53","5329"
"532923","祥云县","53","5329"
"445203","揭东区","44","4452"
"445222","揭西县","44","4452"
"532924","宾川县","53","5329"
"532925","弥渡县","53","5329"
"445224","惠来县","44","4452"
"445281","普宁市","44","4452"
"532926","南涧彝族自治县","53","5329"
"532927","巍山彝族回族自治县","53","5329"
"532928","永平县","53","5329"
"532929","云龙县","53","5329"
"532930","洱源县","53","5329"
"532931","剑川县","53","5329"
"532932","鹤庆县","53","5329"
"620801","市辖区","62","6208"
"620802","崆峒区","62","6208"
"620821","泾川县","62","6208"
"620822","灵台县","62","6208"
"620823","崇信县","62","6208"
"620825","庄浪县","62","6208"
"620826","静宁县","62","6208"
"620881","华亭市","62","6208"
"620501","市辖区","62","6205"
"620502","秦州区","62","6205"
"620401","市辖区","62","6204"
"620402","白银区","62","6204"
"620503","麦积区","62","6205"
"620521","清水县","62","6205"
"620403","平川区","62","6204"
"620421","靖远县","62","6204"
"620522","秦安县","62","6205"
"620523","甘谷县","62","6205"
"620422","会宁县","62","6204"
"620423","景泰县","62","6204"
"620524","武山县","62","6205"
"620525","张家川回族自治县","62","6205"
"621001","市辖区","62","6210"
"621002","西峰区","62","6210"
"621021","庆城县","62","6210"
"621022","环县","62","6210"
"621023","华池县","62","6210"
"621024","合水县","62","6210"
"621025","正宁县","62","6210"
"621026","宁县","62","6210"
"621027","镇原县","62","6210"
"620701","市辖区","62","6207"
"620702","甘州区","62","6207"
"620721","肃南裕固族自治县","62","6207"
"620722","民乐县","62","6207"
"620723","临泽县","62","6207"
"620724","高台县","62","6207"
"620725","山丹县","62","6207"
"620901","市辖区","62","6209"
"620902","肃州区","62","6209"
"620921","金塔县","62","6209"
"620922","瓜州县","62","6209"
"620923","肃北蒙古族自治县","62","6209"
"620924","阿克塞哈萨克族自治县","62","6209"
"620981","玉门市","62","6209"
"620982","敦煌市","62","6209"
"620301","市辖区","62","6203"
"620302","金川区","62","6203"
"620601","市辖区","62","6206"
"620602","凉州区","62","6206"
"620321","永昌县","62","6203"
"620621","民勤县","62","6206"
"620622","古浪县","62","6206"
"622901","临夏市","62","6229"
"622921","临夏县","62","6229"
"620623","天祝藏族自治县","62","6206"
"622922","康乐县","62","6229"
"622923","永靖县","62","6229"
"622924","广河县","62","6229"
"622925","和政县","62","6229"
"623001","合作市","62","6230"
"623021","临潭县","62","6230"
"622926","东乡族自治县","62","6229"
"622927","积石山保安族东乡族撒拉族自治县","62","6229"
"623022","卓尼县","62","6230"
"623023","舟曲县","62","6230"
"623024","迭部县","62","6230"
"623025","玛曲县","62","6230"
"623026","碌曲县","62","6230"
"623027","夏河县","62","6230"
"621101","市辖区","62","6211"
"621102","安定区","62","6211"
"621121","通渭县","62","6211"
"621122","陇西县","62","6211"
"621123","渭源县","62","6211"
"621124","临洮县","62","6211"
"621125","漳县","62","6211"
"621126","岷县","62","6211"
"621201","市辖区","62","6212"
"621202","武都区","62","6212"
"621221","成县","62","6212"
"621222","文县","62","6212"
"621223","宕昌县","62","6212"
"621224","康县","62","6212"
"621225","西和县","62","6212"
"621226","礼县","62","6212"
"621227","徽县","62","6212"
"621228","两当县","62","6212"
"610501","市辖区","61","6105"
"610502","临渭区","61","6105"
"610503","华州区","61","6105"
"610101","市辖区","61","6101"
"610102","新城区","61","6101"
"610522","潼关县","61","6105"
"610523","大荔县","61","6105"
"610103","碑林区","61","6101"
"610104","莲湖区","61","6101"
"610401","市辖区","61","6104"
"610402","秦都区","61","6104"
"610301","市辖区","61","6103"
"610302","渭滨区","61","6103"
"610524","合阳县","61","6105"
"610525","澄城县","61","6105"
"610111","灞桥区","61","6101"
"610112","未央区","61","6101"
"610403","杨陵区","61","6104"
"610404","渭城区","61","6104"
"610303","金台区","61","6103"
"610304","陈仓区","61","6103"
"610526","蒲城县","61","6105"
"610527","白水县","61","6105"
"610113","雁塔区","61","6101"
"610114","阎良区","61","6101"
"610422","三原县","61","6104"
"610423","泾阳县","61","6104"
"610305","凤翔区","61","6103"
"610323","岐山县","61","6103"
"610528","富平县","61","6105"
"610115","临潼区","61","6101"
"610116","长安区","61","6101"
"610424","乾县","61","6104"
"610425","礼泉县","61","6104"
"610324","扶风县","61","6103"
"610326","眉县","61","6103"
"610581","韩城市","61","6105"
"610582","华阴市","61","6105"
"610117","高陵区","61","6101"
"610118","鄠邑区","61","6101"
"610426","永寿县","61","6104"
"610428","长武县","61","6104"
"610327","陇县","61","6103"
"610328","千阳县","61","6103"
"610122","蓝田县","61","6101"
"610429","旬邑县","61","6104"
"610430","淳化县","61","6104"
"610329","麟游县","61","6103"
"610330","凤县","61","6103"
"640201","市辖区","64","6402"
"640202","大武口区","64","6402"
"610124","周至县","61","6101"
"610431","武功县","61","6104"
"610481","兴平市","61","6104"
"610331","太白县","61","6103"
"640205","惠农区","64","6402"
"610901","市辖区","61","6109"
"610902","汉滨区","61","6109"
"610201","市辖区","61","6102"
"610202","王益区","61","6102"
"610482","彬州市","61","6104"
"640221","平罗县","64","6402"
"610921","汉阴县","61","6109"
"610922","石泉县","61","6109"
"610203","印台区","61","6102"
"610204","耀州区","61","6102"
"610923","宁陕县","61","6109"
"610222","宜君县","61","6102"
"610601","市辖区","61","6106"
"610602","宝塔区","61","6106"
"610924","紫阳县","61","6109"
"610603","安塞区","61","6106"
"610621","延长县","61","6106"
"610701","市辖区","61","6107"
"610702","汉台区","61","6107"
"610925","岚皋县","61","6109"
"610926","平利县","61","6109"
"610622","延川县","61","6106"
"610625","志丹县","61","6106"
"610703","南郑区","61","6107"
"610927","镇坪县","61","6109"
"610626","吴起县","61","6106"
"610627","甘泉县","61","6106"
"610722","城固县","61","6107"
"610723","洋县","61","6107"
"610929","白河县","61","6109"
"610981","旬阳市","61","6109"
"610628","富县","61","6106"
"610629","洛川县","61","6106"
"610724","西乡县","61","6107"
"610725","勉县","61","6107"
"611001","市辖区","61","6110"
"611002","商州区","61","6110"
"640101","市辖区","64","6401"
"640104","兴庆区","64","6401"
"610630","宜川县","61","6106"
"610631","黄龙县","61","6106"
"610726","宁强县","61","6107"
"610727","略阳县","61","6107"
"611021","洛南县","61","6110"
"611022","丹凤县","61","6110"
"640105","西夏区","64","6401"
"640106","金凤区","64","6401"
"610801","市辖区","61","6108"
"610632","黄陵县","61","6106"
"610681","子长市","61","6106"
"610728","镇巴县","61","6107"
"611023","商南县","61","6110"
"611024","山阳县","61","6110"
"640121","永宁县","64","6401"
"640122","贺兰县","64","6401"
"610802","榆阳区","61","6108"
"610803","横山区","61","6108"
"610729","留坝县","61","6107"
"610730","佛坪县","61","6107"
"611025","镇安县","61","6110"
"611026","柞水县","61","6110"
"640181","灵武市","64","6401"
"610822","府谷县","61","6108"
"610824","靖边县","61","6108"
"640401","市辖区","64","6404"
"640402","原州区","64","6404"
"640301","市辖区","64","6403"
"650101","市辖区","65","6501"
"650102","天山区","65","6501"
"610825","定边县","61","6108"
"610826","绥德县","61","6108"
"640422","西吉县","64","6404"
"640423","隆德县","64","6404"
"640302","利通区","64","6403"
"640303","红寺堡区","64","6403"
"650103","沙依巴克区","65","6501"
"650104","新市区","65","6501"
"610827","米脂县","61","6108"
"610828","佳县","61","6108"
"640424","泾源县","64","6404"
"640425","彭阳县","64","6404"
"640323","盐池县","64","6403"
"640324","同心县","64","6403"
"650105","水磨沟区","65","6501"
"650106","头屯河区","65","6501"
"640501","市辖区","64","6405"
"640502","沙坡头区","64","6405"
"610829","吴堡县","61","6108"
"610830","清涧县","61","6108"
"640381","青铜峡市","64","6403"
"650107","达坂城区","65","6501"
"650109","米东区","65","6501"
"640521","中宁县","64","6405"
"640522","海原县","64","6405"
"610831","子洲县","61","6108"
"610881","神木市","61","6108"
"650121","乌鲁木齐县","65","6501"
"652301","昌吉市","65","6523"
"652302","阜康市","65","6523"
"652323","呼图壁县","65","6523"
"652324","玛纳斯县","65","6523"
"652325","奇台县","65","6523"
"652327","吉木萨尔县","65","6523"
"652901","阿克苏市","65","6529"
"652328","木垒哈萨克自治县","65","6523"
"652902","库车市","65","6529"
"652922","温宿县","65","6529"
"650201","市辖区","65","6502"
"650202","独山子区","65","6502"
"652924","沙雅县","65","6529"
"650203","克拉玛依区","65","6502"
"650204","白碱滩区","65","6502"
"650402","高昌区","65","6504"
"650421","鄯善县","65","6504"
"650502","伊州区","65","6505"
"650521","巴里坤哈萨克自治县","65","6505"
"652701","博乐市","65","6527"
"652702","阿拉山口市","65","6527"
"652925","新和县","65","6529"
"652926","拜城县","65","6529"
"650205","乌尔禾区","65","6502"
"650422","托克逊县","65","6504"
"650522","伊吾县","65","6505"
"652722","精河县","65","6527"
"652723","温泉县","65","6527"
"652927","乌什县","65","6529"
"652928","阿瓦提县","65","6529"
"652929","柯坪县","65","6529"
"653001","阿图什市","65","6530"
"653022","阿克陶县","65","6530"
"653023","阿合奇县","65","6530"
"653024","乌恰县","65","6530"
"652801","库尔勒市","65","6528"
"652822","轮台县","65","6528"
"652823","尉犁县","65","6528"
"652824","若羌县","65","6528"
"652825","且末县","65","6528"
"652826","焉耆回族自治县","65","6528"
"652827","和静县","65","6528"
"652828","和硕县","65","6528"
"652829","博湖县","65","6528"
"654301","阿勒泰市","65","6543"
"654321","布尔津县","65","6543"
"654002","伊宁市","65","6540"
"654003","奎屯市","65","6540"
"140101","市辖区","14","1401"
"140105","小店区","14","1401"
"653201","和田市","65","6532"
"653221","和田县","65","6532"
"654322","富蕴县","65","6543"
"654323","福海县","65","6543"
"654004","霍尔果斯市","65","6540"
"654021","伊宁县","65","6540"
"140106","迎泽区","14","1401"
"140107","杏花岭区","14","1401"
"653222","墨玉县","65","6532"
"653223","皮山县","65","6532"
"654324","哈巴河县","65","6543"
"654325","青河县","65","6543"
"654022","察布查尔锡伯自治县","65","6540"
"654023","霍城县","65","6540"
"140108","尖草坪区","14","1401"
"140109","万柏林区","14","1401"
"653224","洛浦县","65","6532"
"653225","策勒县","65","6532"
"654326","吉木乃县","65","6543"
"654024","巩留县","65","6540"
"140110","晋源区","14","1401"
"140121","清徐县","14","1401"
"653226","于田县","65","6532"
"653227","民丰县","65","6532"
"653101","喀什市","65","6531"
"653121","疏附县","65","6531"
"654025","新源县","65","6540"
"654026","昭苏县","65","6540"
"140122","阳曲县","14","1401"
"140123","娄烦县","14","1401"
"653122","疏勒县","65","6531"
"654027","特克斯县","65","6540"
"654028","尼勒克县","65","6540"
"140171","山西转型综合改革示范区","14","1401"
"140181","古交市","14","1401"
"653123","英吉沙县","65","6531"
"653124","泽普县","65","6531"
"653125","莎车县","65","6531"
"653126","叶城县","65","6531"
"140201","市辖区","14","1402"
"140212","新荣区","14","1402"
"659001","石河子市","65","6590"
"659002","阿拉尔市","65","6590"
"140301","市辖区","14","1403"
"140302","城区","14","1403"
"653127","麦盖提县","65","6531"
"653128","岳普湖县","65","6531"
"140213","平城区","14","1402"
"659003","图木舒克市","65","6590"
"659004","五家渠市","65","6590"
"140303","矿区","14","1403"
"140311","郊区","14","1403"
"654201","塔城市","65","6542"
"654202","乌苏市","65","6542"
"140701","市辖区","14","1407"
"140702","榆次区","14","1407"
"653129","伽师县","65","6531"
"653130","巴楚县","65","6531"
"140214","云冈区","14","1402"
"140215","云州区","14","1402"
"659005","北屯市","65","6590"
"659006","铁门关市","65","6590"
"140321","平定县","14","1403"
"140322","盂县","14","1403"
"654203","沙湾市","65","6542"
"140703","太谷区","14","1407"
"140721","榆社县","14","1407"
"653131","塔什库尔干塔吉克自治县","65","6531"
"140221","阳高县","14","1402"
"140222","天镇县","14","1402"
"659007","双河市","65","6590"
"659008","可克达拉市","65","6590"
"654221","额敏县","65","6542"
"654224","托里县","65","6542"
"140722","左权县","14","1407"
"140723","和顺县","14","1407"
"140401","市辖区","14","1404"
"140403","潞州区","14","1404"
"140501","市辖区","14","1405"
"140223","广灵县","14","1402"
"140224","灵丘县","14","1402"
"659009","昆玉市","65","6590"
"659010","胡杨河市","65","6590"
"654225","裕民县","65","6542"
"654226","和布克赛尔蒙古自治县","65","6542"
"140724","昔阳县","14","1407"
"140404","上党区","14","1404"
"140502","城区","14","1405"
"140521","沁水县","14","1405"
"140225","浑源县","14","1402"
"140226","左云县","14","1402"
"659011","新星市","65","6590"
"659012","白杨市","65","6590"
"140725","寿阳县","14","1407"
"140405","屯留区","14","1404"
"140406","潞城区","14","1404"
"140522","阳城县","14","1405"
"140524","陵川县","14","1405"
"140601","市辖区","14","1406"
"140602","朔城区","14","1406"
"140271","山西大同经济开发区","14","1402"
"140727","祁县","14","1407"
"140728","平遥县","14","1407"
"140423","襄垣县","14","1404"
"140525","泽州县","14","1405"
"140581","高平市","14","1405"
"140603","平鲁区","14","1406"
"140621","山阴县","14","1406"
"141001","市辖区","14","1410"
"141002","尧都区","14","1410"
"500229","城口县","50","5002"
"500230","丰都县","50","5002"
"140901","市辖区","14","1409"
"140902","忻府区","14","1409"
"140729","灵石县","14","1407"
"140781","介休市","14","1407"
"140425","平顺县","14","1404"
"140426","黎城县","14","1404"
"140622","应县","14","1406"
"140623","右玉县","14","1406"
"141021","曲沃县","14","1410"
"141022","翼城县","14","1410"
"500231","垫江县","50","5002"
"500233","忠县","50","5002"
"140921","定襄县","14","1409"
"140922","五台县","14","1409"
"140427","壶关县","14","1404"
"140428","长子县","14","1404"
"140671","山西朔州经济开发区","14","1406"
"140681","怀仁市","14","1406"
"141023","襄汾县","14","1410"
"141024","洪洞县","14","1410"
"500235","云阳县","50","5002"
"500236","奉节县","50","5002"
"140923","代县","14","1409"
"140924","繁峙县","14","1409"
"500101","万州区","50","5001"
"140429","武乡县","14","1404"
"141025","古县","14","1410"
"141026","安泽县","14","1410"
"500237","巫山县","50","5002"
"500238","巫溪县","50","5002"
"140925","宁武县","14","1409"
"140926","静乐县","14","1409"
"500102","涪陵区","50","5001"
"500103","渝中区","50","5001"
"140430","沁县","14","1404"
"140431","沁源县","14","1404"
"141027","浮山县","14","1410"
"500240","石柱土家族自治县","50","5002"
"500241","秀山土家族苗族自治县","50","5002"
"140927","神池县","14","1409"
"140928","五寨县","14","1409"
"500104","大渡口区","50","5001"
"500105","江北区","50","5001"
"141028","吉县","14","1410"
"141029","乡宁县","14","1410"
"500242","酉阳土家族苗族自治县","50","5002"
"500243","彭水苗族土家族自治县","50","5002"
"140929","岢岚县","14","1409"
"140930","河曲县","14","1409"
"500106","沙坪坝区","50","5001"
"500107","九龙坡区","50","5001"
"140801","市辖区","14","1408"
"140802","盐湖区","14","1408"
"141101","市辖区","14","1411"
"141102","离石区","14","1411"
"141030","大宁县","14","1410"
"140931","保德县","14","1409"
"500108","南岸区","50","5001"
"500109","北碚区","50","5001"
"140821","临猗县","14","1408"
"140822","万荣县","14","1408"
"141121","文水县","14","1411"
"141122","交城县","14","1411"
"141031","隰县","14","1410"
"141032","永和县","14","1410"
"140932","偏关县","14","1409"
"140971","五台山风景名胜区","14","1409"
"500110","綦江区","50","5001"
"500111","大足区","50","5001"
"140823","闻喜县","14","1408"
"141123","兴县","14","1411"
"141124","临县","14","1411"
"141033","蒲县","14","1410"
"141034","汾西县","14","1410"
"140981","原平市","14","1409"
"500112","渝北区","50","5001"
"140824","稷山县","14","1408"
"140825","新绛县","14","1408"
"141125","柳林县","14","1411"
"141081","侯马市","14","1410"
"141082","霍州市","14","1410"
"500113","巴南区","50","5001"
"140826","绛县","14","1408"
"140827","垣曲县","14","1408"
"141126","石楼县","14","1411"
"141127","岚县","14","1411"
"500114","黔江区","50","5001"
"140828","夏县","14","1408"
"140829","平陆县","14","1408"
"141128","方山县","14","1411"
"500115","长寿区","50","5001"
"500116","江津区","50","5001"
"140830","芮城县","14","1408"
"140881","永济市","14","1408"
"141129","中阳县","14","1411"
"141130","交口县","14","1411"
"500117","合川区","50","5001"
"500118","永川区","50","5001"
"140882","河津市","14","1408"
"141181","孝义市","14","1411"
"141182","汾阳市","14","1411"
"500119","南川区","50","5001"
"500120","璧山区","50","5001"
"500151","铜梁区","50","5001"
"500152","潼南区","50","5001"
"500153","荣昌区","50","5001"
"500154","开州区","50","5001"
"500155","梁平区","50","5001"
"500156","武隆区","50","5001"
